lambda (nm), E(eV), Qext
250.,4.962800796,2.881281356758077
251.,4.9430286812749005,2.8823386795040804
252.,4.923413488095238,2.8832218374489846
253.,4.903953355731225,2.8837598978671943
254.,4.884646452755906,2.883775387451006
255.,4.865490976470588,2.883085161445102
256.,4.84648515234375,2.8806460149564606
257.,4.827627233463035,2.876856019930363
258.,4.8089154999999995,2.8720627258754376
259.,4.790348258687259,2.8662826785171247
260.,4.771923842307693,2.859542239383199
261.,4.753640609195402,2.8518769478622477
262.,4.7354969427480915,2.843445556334584
263.,4.71749125095057,2.834545424072246
264.,4.699621965909092,2.824847543341058
265.,4.681887543396226,2.814343909321578
266.,4.664286462406015,2.803024993957546
267.,4.6468172247191015,2.7908800930223157
268.,4.629478354477612,2.7778976795747905
269.,4.612268397769516,2.764065763219073
270.,4.595185922222222,2.7484110012722196
271.,4.578229516605166,2.731842454252408
272.,4.561397790441177,2.7146312449801826
273.,4.544689373626373,2.6969013733867344
274.,4.528102916058394,2.6787769927086083
275.,4.511637087272727,2.660381542611107
276.,4.495290576086957,2.6418370554723407
277.,4.479062090252707,2.6237470478913236
278.,4.462950356115108,2.6059602286316044
279.,4.44695411827957,2.588288480143742
280.,4.431072139285714,2.570768739989279
281.,4.415303199288256,2.5534347920952922
282.,4.39964609574468,2.5363176052719907
283.,4.384099643109541,2.519445637700939
284.,4.368662672535211,2.502845109073854
285.,4.353334031578948,2.486969463986294
286.,4.338112583916084,2.471918277143994
287.,4.322997209059234,2.4570661702283845
288.,4.307986802083334,2.4423460599293207
289.,4.293080273356401,2.4276904995395903
290.,4.278276548275862,2.413031748185075
291.,4.263574567010309,2.3983018924703603
292.,4.248973284246575,2.383433021692777
293.,4.234471668941979,2.3675961604526976
294.,4.2200687040816325,2.3503158909090347
295.,4.205763386440678,2.3329235817015324
296.,4.1915547263513515,2.315525602337991
297.,4.177441747474747,2.2982258697959908
298.,4.163423486577181,2.281125752038799
299.,4.149498993311036,2.2643240978930517
300.,4.13566733,2.2479173874228895
301.,4.1219275714285715,2.231999997230385
302.,4.108278804635762,2.2187005600770684
303.,4.094720128712871,2.2063223189412415
304.,4.081250654605263,2.194459837964697
305.,4.067869504918033,2.183040887736405
306.,4.05457581372549,2.171993660216859
307.,4.041368726384365,2.1612465289133977
308.,4.02824739935065,2.150727870050375
309.,4.015211,2.1403659443436913
310.,4.002258706451613,2.13008883940056
311.,3.9893897073954987,2.1197131516514243
312.,3.976603201923077,2.1070844803852133
313.,3.9638983993610224,2.09449358195997
314.,3.9512745191082805,2.0820170520697086
315.,3.9387307904761903,2.06973071085679
316.,3.9262664525316455,2.057709635120911
317.,3.9138807539432174,2.0460282648426125
318.,3.901572952830189,2.0347605830329845
319.,3.88934231661442,2.023980368334004
320.,3.877188121875,2.013761520440292
321.,3.8651096542056074,2.0055370502672774
322.,3.8531062080745335,2.000014516089154
323.,3.8411770866873067,1.9951359301812241
324.,3.8293216018518517,1.9907975666576605
325.,3.817539073846154,1.9868938769866042
326.,3.8058288312883435,1.9833169612350852
327.,3.7941902110091745,1.9799561724789567
328.,3.7826225579268296,1.9766978606079741
329.,3.771125224924012,1.9734252634578773
330.,3.759697572727273,1.9700185543344468
331.,3.7483389697885197,1.966355055467352
332.,3.7370487921686752,1.9614855097871533
333.,3.7258264234234235,1.9538296410874272
334.,3.714671254491018,1.9457290559114366
335.,3.7035826835820895,1.9372183317110505
336.,3.6925601160714283,1.9283327843670452
337.,3.6816029643916917,1.9191082823596124
338.,3.670710647928994,1.909581072545453
339.,3.6598825929203542,1.8997876184365863
340.,3.6491182323529414,1.8897644516849197
341.,3.6384170058651026,1.8795480372925706
342.,3.6277783596491227,1.86917465289395
343.,3.617201746355685,1.8586563423250715
344.,3.6066866250000005,1.8479878772485097
345.,3.5962324608695653,1.8372747834312406
346.,3.585838725433526,1.8265556868179789
347.,3.575504896253602,1.8158684954330315
348.,3.565230456896552,1.8052503553588215
349.,3.555014896848138,1.7947376185712638
350.,3.5448577114285715,1.7843658220619172
351.,3.534758401709402,1.774169677617939
352.,3.524716474431818,1.7641830715782345
353.,3.514731441926346,1.75443907383694
354.,3.5048028220338985,1.7449699553217264
355.,3.4949301380281694,1.7366005106529612
356.,3.485112918539326,1.7293046360499391
357.,3.4753506974789916,1.722311638280124
358.,3.465643013966481,1.7155955458680079
359.,3.455989412256267,1.7091307979777535
360.,3.4463894416666667,1.7028922351472366
361.,3.4368426565096954,1.6968550936905582
362.,3.4273486160220994,1.6909950036605268
363.,3.4179068842975204,1.685287990226378
364.,3.4085170302197807,1.6797104782859718
365.,3.3991786273972604,1.6742393000959255
366.,3.389891254098361,1.6688517056677332
367.,3.3806544931880107,1.6635253756432389
368.,3.371467932065217,1.6582384363293863
369.,3.3623311626016257,1.6527201226943231
370.,3.3532437810810816,1.647160695913541
371.,3.344205388140162,1.6415972353763746
372.,3.3352155887096777,1.6360193397692027
373.,3.326273991957105,1.6304170405870375
374.,3.3173802112299464,1.6247808069256573
375.,3.308533864,1.6191015482376692
376.,3.2997345718085107,1.6133706148987068
377.,3.2909819602122017,1.607579796441322
378.,3.2822756587301587,1.6017213173284202
379.,3.273615300791557,1.5957878301551685
380.,3.2650005236842103,1.5897724061883032
381.,3.256430968503937,1.583668523174099
382.,3.2479062801047127,1.5772646007062345
383.,3.2394261070496086,1.5701347779530939
384.,3.2309901015625,1.5629224061334435
385.,3.2225979194805197,1.555644574156656
386.,3.214249220207254,1.5483179709255432
387.,3.2059436666666667,1.5409588836645858
388.,3.197680925257732,1.5335831992137252
389.,3.1894606658097686,1.526206408036141
390.,3.181282561538462,1.5188436107021497
391.,3.173146289002558,1.511509526626386
392.,3.165051528061224,1.5042185048512788
393.,3.156997961832061,1.4969845366862102
394.,3.148985276649746,1.4898212700283529
395.,3.1410131620253168,1.482742025207823
396.,3.133081310606061,1.4757598122160571
397.,3.1251894181360202,1.468887349192482
398.,3.1173371834170855,1.462392447578621
399.,3.1095243082706765,1.4565172669893551
400.,3.1017504975,1.4507584750763425
401.,3.0940154588528674,1.445110867824884
402.,3.0863189029850746,1.4395693190353256
403.,3.0786605434243177,1.4341287750949057
404.,3.0710400965346536,1.4287842500173453
405.,3.0634572814814818,1.4235308207384394
406.,3.0559118201970445,1.4183636226568972
407.,3.0484034373464377,1.4132778454106951
408.,3.0409318602941178,1.4082687288801283
409.,3.0334968190709044,1.403331559409624
410.,3.0260980463414637,1.398461666241266
411.,3.018735277372263,1.393654418153847
412.,3.0114082499999997,1.3889052203020278
413.,3.0041167046004844,1.384209511251059
414.,2.996860384057971,1.3793185332752258
415.,2.9896390337349397,1.3741561203874493
416.,2.982452401442308,1.3690485209785215
417.,2.975300237410072,1.3640033276103984
418.,2.9681822942583733,1.3590280413980462
419.,2.961098326968974,1.3541300785430987
420.,2.954048092857143,1.3493167775974604
421.,2.947031351543943,1.344595407439592
422.,2.9400478649289106,1.339973175949933
423.,2.9330973971631207,1.335457239375833
424.,2.9261797146226414,1.3310547123793437
425.,2.9192945858823527,1.3267726787732887
426.,2.9124417816901413,1.3226182029323297
427.,2.905621074941452,1.3185983419094087
428.,2.8988322406542055,1.314720158253908
429.,2.892075055944056,1.3109907335567634
430.,2.8853493,1.3074171827454404
431.,2.878654754060325,1.3041765319828567
432.,2.8719912013888886,1.3017851177006974
433.,2.8653584272517323,1.299569611185243
434.,2.858756218894009,1.2975235935522684
435.,2.8521843655172416,1.2956407211071859
436.,2.845642658256881,1.2939147117907492
437.,2.839130890160183,1.2923393320519796
438.,2.832648856164383,1.290908384113078
439.,2.826196353075171,1.28961569359448
440.,2.819773179545454,1.2884550974714728
441.,2.813379136054422,1.287420432337017
442.,2.8070140248868785,1.2865055229485791
443.,2.800677650112867,1.2857041710399628
444.,2.7943698175675675,1.285010144382311
445.,2.788090334831461,1.284417166081686
446.,2.7818390112107623,1.2839189041040058
447.,2.7756156577181206,1.2835089610214798
448.,2.7694200870535712,1.2831808639782845
449.,2.7632521135857457,1.2829280548769442
450.,2.757111553333333,1.2827438807907248
451.,2.750998223946785,1.282621584611473
452.,2.7449119446902652,1.2814248368012704
453.,2.7388525364238414,1.2800607046564252
454.,2.7328198215859034,1.2787617160119575
455.,2.7268136241758243,1.2775399986814986
456.,2.720833769736842,1.276407876312205
457.,2.7148800853391686,1.2753778878539372
458.,2.708952399563319,1.2744628072974886
459.,2.7030505424836604,1.2736756638099198
460.,2.697174345652174,1.2730297624059501
461.,2.6913236420824296,1.2725387053036554
462.,2.6854982662337665,1.2722164141202077
463.,2.6796980539956805,1.2720771530695534
464.,2.6739228426724138,1.2721355533282563
465.,2.668172470967742,1.2724066387386712
466.,2.662446778969957,1.2729058530197142
467.,2.656745608137045,1.273649088654813
468.,2.651068801282052,1.2746527176238562
469.,2.6454162025586356,1.2759336241406174
470.,2.6397876574468087,1.2775092395489187
471.,2.6341830127388532,1.2793975795187322
472.,2.6286021165254234,1.282068637985226
473.,2.623044818181818,1.2864679500605152
474.,2.61751096835443,1.2912718910577192
475.,2.6120004189473685,1.2964824550564507
476.,2.606513023109244,1.3021017614757995
477.,2.601048635220126,1.30813198932205
478.,2.595607110878661,1.3145753027174623
479.,2.590188306889353,1.3214337662025075
480.,2.5847920812500003,1.3287092480972795
481.,2.5794182931392933,1.336403309972748
482.,2.5740668029045644,1.3445170800162853
483.,2.5687374720496896,1.353051107775947
484.,2.5634301632231407,1.3620051974319454
485.,2.5581447402061857,1.3713782163699118
486.,2.552881067901235,1.381167875418271
487.,2.547639012320329,1.3913704766618096
488.,2.5424184405737704,1.4019806242587314
489.,2.537219220858896,1.4129908931748503
490.,2.53204122244898,1.4243914502172736
491.,2.5268843156822807,1.4361696212172261
492.,2.5217483719512197,1.4483093977034047
493.,2.5166332636916837,1.46079087595874
494.,2.5115388643724694,1.4735896210164139
495.,2.506465048484848,1.4866759479936675
496.,2.501411691532258,1.5000141132784879
497.,2.496378670020121,1.5144136768927479
498.,2.4913658614457828,1.5291773498238905
499.,2.4863731442885775,1.543858468248012
500.,2.481400398,1.5583488461663024
501.,2.4764475029940116,1.5725299397877883
502.,2.4715143406374502,1.5862726806381808
503.,2.4666007932405565,1.5994375151791222
504.,2.461706744047619,1.6118747028724671
505.,2.4568320772277232,1.6234249278923076
506.,2.4519766778656127,1.633920280676965
507.,2.447140431952663,1.6431856632961162
508.,2.442323226377953,1.6510406661952675
509.,2.4375249489194495,1.6573019523097867
510.,2.432745488235294,1.6617861670159984
511.,2.4279847338551854,1.6643133684436684
512.,2.423242576171875,1.6647109423812998
513.,2.4185189064327486,1.6628179301651882
514.,2.4138136167315176,1.6584896582596915
515.,2.4091265999999996,1.6516025174037465
516.,2.4044577499999997,1.6420587008560066
517.,2.3998069613152806,1.6297906797812391
518.,2.3951741293436295,1.6147651738508897
519.,2.3905591502890173,1.5969863710483043
520.,2.3859619211538465,1.5764981658208899
521.,2.3813823397312857,1.553385220705223
522.,2.376820304597701,1.5272983879537791
523.,2.3722757151051623,1.4993359846862948
524.,2.3677484713740458,1.4700095465452006
525.,2.363238474285714,1.4395104463034245
526.,2.358745625475285,1.4080305109407705
527.,2.354269827324478,1.375759099666764
528.,2.349810982954546,1.3428804707918436
529.,2.3453689962192814,1.3095714905460676
530.,2.340943771698113,1.2759997171660429
531.,2.3365352146892655,1.2423218746940192
532.,2.3321432312030077,1.2086827139956495
533.,2.327767727954972,1.1752142442248268
534.,2.3234086123595508,1.1420353067427196
535.,2.3190657925233644,1.109251455439247
536.,2.314739177238806,1.0769551023755015
537.,2.3104286759776533,1.045225885354096
538.,2.306134198884758,1.0141312140090353
539.,2.3018556567718,0.9837269528118745
540.,2.297592961111111,0.954058202535941
541.,2.293346024029575,0.9251601457565884
542.,2.289114758302583,0.8970589264987122
543.,2.2848990773480664,0.8697725388472193
544.,2.2806988952205884,0.8433117039573648
545.,2.276514126605505,0.8176807192546232
546.,2.2723446868131867,0.792878267574003
547.,2.268190491773309,0.7688981774851426
548.,2.264051458029197,0.7457301290523067
549.,2.2599275027322405,0.7233641026142958
550.,2.2558185436363636,0.7019370892036384
551.,2.2517244990925587,0.6811711031309196
552.,2.2476452880434783,0.6610542011867848
553.,2.2435808300180833,0.6415734615443952
554.,2.2395310451263537,0.6227151583845388
555.,2.2354958540540544,0.6044649194879071
556.,2.231475178057554,0.5868078677810273
557.,2.2274689389587077,0.5697287478650892
558.,2.223477059139785,0.5532120385745118
559.,2.2194994615384616,0.5372420526095241
560.,2.215536069642857,0.5218030242683023
561.,2.211586807486631,0.5068791862732784
562.,2.207651599644128,0.4924548366460902
563.,2.2037303712255776,0.4785143965389279
564.,2.19982304787234,0.46504245987894877
565.,2.1959295557522123,0.4520238356289149
566.,2.1920498215547704,0.43944358341233086
567.,2.1881837724867723,0.42728704319682653
568.,2.1843313362676056,0.4155398596756489
569.,2.1804924411247804,0.40418800193504273
570.,2.176667015789474,0.3932177789452328
571.,2.172854989492119,0.3826158513651553
572.,2.169056291958042,0.372369240106172
573.,2.1652708534031415,0.36246533205795667
574.,2.161498604529617,0.3528918833404982
575.,2.1577394765217393,0.34363702040986727
576.,2.153993401041667,0.33468923931182176
577.,2.150260310225303,0.32603740334652476
578.,2.1465401366782006,0.317670739379431
579.,2.1428328134715025,0.3095788330076517
580.,2.139138274137931,0.30175162276768336
581.,2.1354564526678144,0.29417939354913186
582.,2.1317872835051546,0.2868527693598656
583.,2.1281307015437396,0.2796979916500457
584.,2.1244866421232875,0.27271593741932715
585.,2.1208550410256413,0.2659621899678701
586.,2.1172358344709896,0.25942868768714417
587.,2.11362895911414,0.25310761848395813
588.,2.1100343520408162,0.2469914169664998
589.,2.1064519507640065,0.2410727610150307
590.,2.102881693220339,0.2353445678302974
591.,2.0993235177664973,0.22979998954322647
592.,2.0957773631756758,0.22443240846076712
593.,2.092243168634064,0.21923543201478543
594.,2.0887208737373735,0.21420288747357472
595.,2.085210418487395,0.2093288164689263
596.,2.0817117432885905,0.20460746938563187
597.,2.078224788944724,0.20003329965477337
598.,2.074749496655518,0.19560095798718355
599.,2.071285808013356,0.19130528657895216
600.,2.067833665,0.1871413133167522
601.,2.064393009983361,0.1831042460071291
602.,2.0609637857142857,0.17918946665056523
603.,2.0575459353233834,0.1753925257781933
604.,2.054139402317881,0.17170913686636188
605.,2.0507441305785123,0.16813517084191293
606.,2.0473600643564356,0.16466665068888747
607.,2.0439871482701815,0.16129974616552248
608.,2.0406253273026316,0.15803076863872145
609.,2.0372745467980296,0.15485616604170316
610.,2.0339347524590163,0.1517725179592298
611.,2.0306058903436988,0.14877653084367398
612.,2.027287906862745,0.14586503336416037
613.,2.023980748776509,0.14303497189015477
614.,2.0206843631921827,0.14028340611008225
615.,2.0173986975609757,0.137607504784914
616.,2.014123699675325,0.13500454163606082
617.,2.0108593176661262,0.1324718913664362
618.,2.0076055,0.12994310833356953
619.,2.0043621954765753,0.127457106243055
620.,2.0011293532258065,0.12503483732519313
621.,1.997906922705314,0.1226744110074784
622.,1.9946948536977493,0.12037400796920399
623.,1.9914930963081863,0.11813187697942522
624.,1.9883016009615384,0.11594633189361124
625.,1.9851203184000001,0.11381574880012345
626.,1.9819491996805112,0.1117385633082071
627.,1.9787881961722489,0.10971326796968552
628.,1.9756372595541403,0.10773840982701553
629.,1.9724963418124006,0.10581258808079974
630.,1.9693653952380952,0.10393445187027348
631.,1.9662443724247227,0.10210269816065672
632.,1.9631332262658228,0.10031606973163305
633.,1.9600319099526067,0.09857335326155145
634.,1.9569403769716087,0.09687337750225847
635.,1.953858581102362,0.09521501153977854
636.,1.9507864764150944,0.09359716313631998
637.,1.947724017268446,0.09201877714935813
638.,1.94467115830721,0.0904788340237895
639.,1.941627854460094,0.08897634835337273
640.,1.9385940609375,0.0875103675078933
641.,1.9355697332293293,0.08607997032269174
642.,1.9325548271028037,0.08468426584737844
643.,1.929549298600311,0.0833223921507414
644.,1.9265531040372668,0.08199351517901683
645.,1.9235662,0.08069682766485138
646.,1.9205885433436534,0.07943154808443367
647.,1.9176200911901082,0.07819691966040399
648.,1.9146608009259258,0.07699220940829365
649.,1.9117106302003082,0.07581670722435645
650.,1.908769536923077,0.07466972501277548
651.,1.9058374792626729,0.07355059585034031
652.,1.9029144156441717,0.07245867318678303
653.,1.90000030474732,0.07139333007906655
654.,1.8970951055045873,0.07035395845800509
655.,1.8941987770992366,0.06933996842568153
656.,1.8913112789634148,0.06835078758221093
657.,1.8884325707762555,0.06738586038047062
658.,1.885562612462006,0.0664446475074925
659.,1.882701364188164,0.06552662529127948
660.,1.8798487863636364,0.0646345008659487
661.,1.877004839636914,0.0638213595691175
662.,1.8741694848942598,0.06302873799362062
663.,1.8713426832579185,0.06225600769511527
664.,1.8685243960843376,0.061502559748177275
665.,1.8657145849624062,0.060767804079271265
666.,1.8629132117117118,0.06005116882438338
667.,1.8601202383808098,0.059352099710375285
668.,1.857335627245509,0.05867005945914755
669.,1.854559340807175,0.05800452721373629
670.,1.8517913417910448,0.05735499798550199
671.,1.8490315931445604,0.05672098212159825
672.,1.8462800580357142,0.056102004791942536
673.,1.8435366998514116,0.055497605494939234
674.,1.8408014821958458,0.05490733758123056
675.,1.838074368888889,0.05433076779479
676.,1.835355323964497,0.053767475830683864
677.,1.8326443116691287,0.05321705390886699
678.,1.8299412964601771,0.05267910636339388
679.,1.8272462430044183,0.05215324924645619
680.,1.8245591161764707,0.051639109946677024
681.,1.8218798810572685,0.051136326821117364
682.,1.8192085029325513,0.05064454884046902
683.,1.8165449472913617,0.05016343524693216
684.,1.8138891798245613,0.049692655224291886
685.,1.8112411664233574,0.04923188757972893
686.,1.8086008731778425,0.048780820436919684
687.,1.805968266375546,0.0483391509399931
688.,1.8033433125000002,0.047906584967937996
689.,1.800725978229318,0.0474828368590579
690.,1.7981162304347826,0.047067629145099196
691.,1.79551403617945,0.046660692294683725
692.,1.792919362716763,0.046261764465696846
693.,1.7903321774891774,0.0458705912662931
694.,1.787752448126801,0.04548692552419575
695.,1.7851801424460432,0.04511052706398001
696.,1.782615228448276,0.044741162492039466
697.,1.7800576743185081,0.044378604988951305
698.,1.777507448424069,0.04402263410896178
699.,1.7749645193133048,0.04367303558632968
700.,1.7724288557142858,0.04332960114827011
701.,1.7699004265335236,0.04299212833425817
702.,1.767379200854701,0.042660420321453646
703.,1.7648651479374113,0.042334285756022993
704.,1.762358237215909,0.042013538590141765
705.,1.7598584382978726,0.041696674695928006
706.,1.757365720963173,0.04136298432074155
707.,1.754880055162659,0.04103448401957831
708.,1.7524014110169492,0.040711060324543254
709.,1.7499297588152327,0.040392602472267655
710.,1.7474650690140847,0.040079002330544414
711.,1.745007312236287,0.03977015432722158
712.,1.742556459269663,0.039465955381272184
713.,1.7401124810659188,0.039166304835969855
714.,1.7376753487394958,0.038871104394096696
715.,1.7352450335664336,0.03858025805511696
716.,1.7328215069832404,0.038293672054246955
717.,1.730404740585774,0.03801125480336161
718.,1.7279947061281336,0.037732916833672844
719.,1.7255913755215575,0.03745857074012288
720.,1.7231947208333334,0.03718813112743423
721.,1.7208047142857146,0.0369215145577623
722.,1.7184213282548477,0.036658639499897415
723.,1.7160445352697098,0.03639942627996465
724.,1.7136743080110497,0.03614379703357356
725.,1.7113106193103447,0.035891675659369994
726.,1.7089534421487602,0.03564298777394298
727.,1.7066027496561211,0.03539766066804518
728.,1.7042585151098903,0.03515562326408198
729.,1.7019207119341564,0.034916806074829665
730.,1.6995893136986302,0.034681141163342796
731.,1.697264294117647,0.03444856210401293
732.,1.6949456270491805,0.03421900394474054
733.,1.692633286493861,0.033992403170186966
734.,1.6903272465940054,0.03376869766607012
735.,1.688027481632653,0.03354782668447174
736.,1.6857339660326085,0.03332973081012415
737.,1.6834466743554952,0.033114351927645766
738.,1.6811655813008128,0.032901633189695446
739.,1.678890661705007,0.032691518986016875
740.,1.6766218905405408,0.032483954913346144
741.,1.6743592429149798,0.032278887746153534
742.,1.672102694070081,0.0320762654081968
743.,1.6698522193808885,0.03187603694485784
744.,1.6676077943548389,0.031678152496240515
745.,1.6653693946308725,0.03148256327100595
746.,1.6631369959785525,0.03128922152092204
747.,1.6609105742971888,0.03109808051610602
748.,1.6586901056149732,0.03090909452093914
749.,1.6564755660881174,0.030722218770632644
750.,1.654266932,0.03053740944842506
751.,1.6520641797603197,0.03035462366339305
752.,1.6498672859042554,0.030173819428855914
753.,1.6476762270916334,0.02999495564135705
754.,1.6454909801061008,0.02981799206020419
755.,1.6433115218543046,0.029642889287553396
756.,1.6411378293650793,0.029469608749017696
757.,1.6389698797886394,0.02929635359996857
758.,1.6368076503957785,0.029122927565923006
759.,1.6346511185770751,0.028951247797342344
760.,1.6325002618421052,0.02878128482853814
761.,1.6303550578186596,0.02861300974618873
762.,1.6282154842519685,0.028446394177699258
763.,1.626081519003932,0.028281410279837264
764.,1.6239531400523564,0.02811803072763515
765.,1.621830325490196,0.027956228703552997
766.,1.6197130535248043,0.02779597788689441
767.,1.6176013024771838,0.02763725244346941
768.,1.61549505078125,0.027480027015498492
769.,1.6133942769830951,0.027324276711749744
770.,1.6112989597402598,0.027169977097905335
771.,1.6092090778210117,0.027017104187150042
772.,1.607124610103627,0.02686563443097641
773.,1.6050455355756794,0.026715544710201454
774.,1.6029718333333334,0.026566812326188946
775.,1.6009034825806452,0.026419414992272617
776.,1.598840462628866,0.026273330825374325
777.,1.5967827528957528,0.0261285383378139
778.,1.5947303329048843,0.025985016429303565
779.,1.5926831822849805,0.025842744379124604
780.,1.590641280769231,0.025701701838479925
781.,1.5886046081946223,0.025561868823019175
782.,1.586573144501279,0.025423225705531526
783.,1.584546869731801,0.025285753208802584
784.,1.582525764030612,0.02514943239863045
785.,1.580509807643312,0.025014244676998122
786.,1.5784989809160306,0.024880171775396934
787.,1.5764932642947904,0.024747195748299207
788.,1.574492638324873,0.024615298966774203
789.,1.5724970836501901,0.024484464112246536
790.,1.5705065810126584,0.024354674170390216
791.,1.5685211112515807,0.024225912425158612
792.,1.5665406553030305,0.024098162452944088
793.,1.5645651941992433,0.023971408116866398
794.,1.5625947090680101,0.023845633561184392
795.,1.5606291811320754,0.023720823205830986
796.,1.5586685917085428,0.02359696174106503
797.,1.556712922208281,0.02347403412224062
798.,1.5547621541353382,0.02335202556468813
799.,1.552816269086358,0.02323092153870733
800.,1.55087524875,0.02311070776466568
801.,1.548939074906367,0.022991370208204378
802.,1.5470077294264337,0.022872895075545584
803.,1.5450811942714822,0.022755268808900015
804.,1.5431594514925373,0.022638478081972894
805.,1.541242483229814,0.022522509795564853
806.,1.5393302717121589,0.022407351073266864
807.,1.5374227992565057,0.02229298925724577
808.,1.5355200482673268,0.02217941190411845
809.,1.533622001236094,0.022066606780913985
810.,1.5317286407407409,0.02195456186111963
811.,1.5298399494451294,0.021843265320810212
812.,1.5279559100985223,0.021732705534858697
813.,1.5260765055350554,0.021622871073225216
814.,1.5242017186732189,0.021513750697323714
815.,1.5223315325153377,0.021405333356464648
816.,1.5204659301470589,0.021297608184370327
817.,1.518604894736842,0.021190564495763106
818.,1.5167484095354522,0.02108419178302405
819.,1.514896457875458,0.020978479712920176
820.,1.5130490231707319,0.02087341812339859
821.,1.5112060889159562,0.020768997020447013
822.,1.5093676386861314,0.020662089752154035
823.,1.5075336561360875,0.0205499292455027
824.,1.5057041249999998,0.020438482429450316
825.,1.503879029090909,0.020327750218382377
826.,1.5020583523002422,0.020217733418935638
827.,1.5002420785973398,0.020108432732891333
828.,1.4984301920289855,0.019999848760003516
829.,1.4966226767189386,0.019891982000767413
830.,1.4948195168674698,0.019784832859125696
831.,1.4930206967509025,0.01967840164511601
832.,1.491226200721154,0.019572688577460102
833.,1.489436013205282,0.019467693786096568
834.,1.487650118705036,0.01936341731465668
835.,1.4858685017964073,0.019259859122886882
836.,1.4840911471291867,0.019157019089017138
837.,1.4823180394265232,0.019054897012076806
838.,1.480549163484487,0.018953492614159635
839.,1.4787845041716328,0.01885280554263819
840.,1.4770240464285715,0.018752835372329402
841.,1.4752677752675385,0.01865358160761187
842.,1.4735156757719714,0.018555043684495755
843.,1.4717677330960854,0.018457220972646793
844.,1.4700239324644553,0.01836011277736543
845.,1.4682842591715977,0.01826371834152047
846.,1.4665486985815603,0.018168036847440953
847.,1.464817236127509,0.018073067418764674
848.,1.4630898573113207,0.017978809122244723
849.,1.46136654770318,0.017885260969516936
850.,1.4596472929411763,0.017792421918825792
851.,1.4579320787309047,0.017700290876711915
852.,1.4562208908450707,0.017608866699662076
853.,1.454513715123095,0.01751814819572068
854.,1.452810537470726,0.017428134126065694
855.,1.451111343859649,0.017338823206547224
856.,1.4494161203271028,0.017250214109193456
857.,1.447724852975496,0.0171623054636791
858.,1.446037527972028,0.017075095858763385
859.,1.444354131548312,0.016988583843692638
860.,1.44267465,0.016902767929571464
861.,1.4409990696864112,0.016817646590703623
862.,1.4393273770301624,0.016733218265899626
863.,1.437659558516802,0.016649481359755792
864.,1.4359956006944443,0.016566434243903444
865.,1.4343354901734104,0.016484075258228325
866.,1.4326792136258661,0.016402402712063002
867.,1.4310267577854672,0.016321414885349838
868.,1.4293781094470046,0.01624111002977838
869.,1.427733255466053,0.016161486369894555
870.,1.4260921827586208,0.01608254210418546
871.,1.4244548783008038,0.016004275406137223
872.,1.4228213291284404,0.015926684425268605
873.,1.42119152233677,0.015849767288140245
874.,1.4195654450800914,0.015773522099339576
875.,1.4179430845714287,0.015697946942442583
876.,1.4163244280821916,0.015623039880952315
877.,1.4147094629418473,0.01554879895921626
878.,1.4130981765375854,0.015475222203319183
879.,1.4114905563139932,0.015402307621957326
880.,1.409886589772727,0.01533005320728973
881.,1.4082862644721907,0.015258456935769752
882.,1.406689568027211,0.015187516768956192
883.,1.4050964881087202,0.015117230654304663
884.,1.4035070124434392,0.015047596525939575
885.,1.4019211288135593,0.014978612305408152
886.,1.4003388250564335,0.014910275902414548
887.,1.3987600890642615,0.014842585215536887
888.,1.3971849087837838,0.014775538132926272
889.,1.395613272215973,0.014709132532988707
890.,1.3940451674157306,0.014643366285049295
891.,1.3924805824915827,0.014578237250001465
892.,1.3909195056053811,0.01451374328093846
893.,1.3893619249720044,0.014453428704908218
894.,1.3878078288590603,0.01439882439963946
895.,1.386257205586592,0.014344806510515727
896.,1.3847100435267856,0.014291365454657283
897.,1.383166331103679,0.01423849179531945
898.,1.3816260567928729,0.01418617623930142
899.,1.3800892091212458,0.014134409634410044
900.,1.3785557766666665,0.014083182966977326
901.,1.3770257480577137,0.014032487359430565
902.,1.3754991119733926,0.013982314067912102
903.,1.373975857142857,0.013932654479950648
904.,1.3724559723451326,0.013883500112179483
905.,1.37093944640884,0.013834842608103476
906.,1.3694262682119207,0.013786673735911222
907.,1.3679164266813673,0.013738985386334154
908.,1.3664099107929517,0.0136917695705474
909.,1.364906709570957,0.013645018418116661
910.,1.3634068120879121,0.013598724174984875
911.,1.361910207464325,0.013552879201501682
912.,1.360416884868421,0.013507475970492091
913.,1.3589268335158817,0.013462507065365649
914.,1.3574400426695843,0.013417965178262615
915.,1.3559565016393442,0.013373843108239391
916.,1.3544761997816595,0.013330133759488494
917.,1.352999126499455,0.013286830139596952
918.,1.3515252712418302,0.013243925357837454
919.,1.3500546235038084,0.013201412623495298
920.,1.348587172826087,0.013159285244228158
921.,1.3471229087947882,0.013117536624458434
922.,1.3456618210412148,0.013076160263798299
923.,1.3442038992416034,0.013035149755505265
924.,1.3427491331168833,0.01299449878496875
925.,1.3412975124324324,0.012954201128226418
926.,1.3398490269978403,0.012914250650509648
927.,1.3384036666666665,0.012874641304817786
928.,1.3369614213362069,0.012835367130520445
929.,1.3355222809472551,0.012796422251986348
930.,1.334086235483871,0.01275780087723971
931.,1.3326532749731472,0.012719497296642743
932.,1.3312233894849785,0.012681505881602939
933.,1.3297965691318328,0.012643821083306282
934.,1.3283728040685225,0.01260643743147391
935.,1.3269520844919787,0.012569349533144033
936.,1.325534400641026,0.012532552071475512
937.,1.324119742796158,0.012496039804575657
938.,1.3227081012793178,0.012459807564350025
939.,1.3212994664536741,0.012423850255373849
940.,1.3198938287234043,0.01238816285378493
941.,1.318491178533475,0.012352740406198201
942.,1.3170915063694266,0.012317578028639333
943.,1.3156948027571582,0.01228267090549992
944.,1.3143010582627117,0.012248014288511185
945.,1.3129102634920637,0.012213603495737966
946.,1.311522409090909,0.012179433910589683
947.,1.310137485744456,0.012145500980852186
948.,1.308755484177215,0.012111800217735258
949.,1.3073763951527924,0.012078327194939457
950.,1.3060002094736842,0.012045077547739128
951.,1.3046269179810726,0.012012046972082264
952.,1.303256511554622,0.01197923122370802
953.,1.3018889811122771,0.011946626117279356
954.,1.300524317610063,0.01191422752553143
955.,1.299162512041885,0.01188203137843616
956.,1.2978035554393306,0.011850033662381838
957.,1.2964474388714735,0.011818230419366839
958.,1.2950941534446765,0.011786617746208592
959.,1.2937436903023984,0.011755191793766937
960.,1.2923960406250001,0.01172394876618039
961.,1.2910511956295527,0.011692884920117589
962.,1.2897091465696466,0.011661996564040378
963.,1.2883698847352025,0.011631280057481342
964.,1.2870334014522822,0.011600731810333829
965.,1.2856996880829015,0.011570348282153543
966.,1.2843687360248448,0.011540125981474093
967.,1.283040536711479,0.011510061465133122
968.,1.2817150816115703,0.011480151337610935
969.,1.280392362229102,0.011450392250380888
970.,1.2790723701030928,0.011420780901269667
971.,1.277755096807415,0.0113913140338312
972.,1.2764405339506175,0.01136198843672845
973.,1.2751286731757452,0.011332800943128525
974.,1.2738195061601645,0.011303748430105705
975.,1.2725130246153846,0.01127482781805701
976.,1.2712092202868852,0.011246036070125774
977.,1.2699080849539408,0.01121737019163682
978.,1.268609610429448,0.011188827229539148
979.,1.267313788559755,0.011160404271860302
980.,1.26602061122449,0.01113209844716757
981.,1.2647300703363917,0.011103906924040615
982.,1.2634421578411403,0.011075826910546245
983.,1.2621568657171922,0.011047855653745773
984.,1.2608741859756099,0.011019990439165383
985.,1.2595941106598987,0.010990845899626562
986.,1.2583166318458419,0.01095884453176161
987.,1.2570417416413375,0.010926969663800632
988.,1.2557694321862347,0.010895221233768989
989.,1.254499695652174,0.010863599174078127
990.,1.253232524242424,0.010832103411629157
991.,1.2519679101917254,0.010800733867914771
992.,1.250705845766129,0.010769490459120873
993.,1.2494463232628399,0.010738373096224867
994.,1.2481893350100606,0.010707381685094114
995.,1.2469348733668344,0.010676516126582561
996.,1.2456829307228914,0.010645776316625315
997.,1.2444334994984956,0.010615162146332732
998.,1.2431865721442887,0.010584673502082625
999.,1.2419421411411413,0.010554310265611657
1000.,1.240700199,0.010524072314104323
1001.,1.2394607382617382,0.010493959520282266
1002.,1.2382237514970058,0.010463971752490923
1003.,1.2369892313060817,0.01043410887478537
1004.,1.2357571703187251,0.010404370747015362
1005.,1.2345275611940296,0.010374757224908172
1006.,1.2333003966202782,0.010345268160151543
1007.,1.2320756693147965,0.010315903400473978
1008.,1.2308533720238095,0.010286662789724796
1009.,1.2296334975222993,0.010257546167953229
1010.,1.2284160386138616,0.01022855337148517
1011.,1.2272009881305639,0.010199684233000267
1012.,1.2259883389328063,0.010170938581606781
1013.,1.2247780839091806,0.010142316242915533
1014.,1.2235702159763315,0.010113817039113585
1015.,1.2223647280788177,0.010085440789035678
1016.,1.2211616131889764,0.010057187308235727
1017.,1.2199608643067847,0.010029056409055733
1018.,1.2187624744597247,0.010001047900695908
1019.,1.2175664367026495,0.0099731615892814
1020.,1.216372744117647,0.00994539727792952
1021.,1.2151813898139079,0.009917754766816073
1022.,1.2139923669275927,0.009890233853239058
1023.,1.2128056686217008,0.009862834331684146
1024.,1.2116212880859376,0.009835555993885785
1025.,1.2104392185365855,0.009808398628890755
1026.,1.2092594532163743,0.009781362023118174
1027.,1.2080819853943525,0.009754445960420464
1028.,1.2069068083657588,0.009727650222142016
1029.,1.2057339154518951,0.009700974587177932
1030.,1.2045632999999998,0.009674418832030844
1031.,1.2033949553831231,0.00964798273086865
1032.,1.2022288749999999,0.009621666055579204
1033.,1.2010650522749275,0.009595468575825843
1034.,1.1999034806576403,0.009569390059101528
1035.,1.1987441536231884,0.009543430270781262
1036.,1.1975870646718147,0.009517588974175727
1037.,1.1964322073288334,0.00949186593058228
1038.,1.1952795751445087,0.00946626089933577
1039.,1.1941291616939367,0.009440773637858743
1040.,1.1929809605769233,0.00941540390171119
1041.,1.1918349654178675,0.0093901514446384
1042.,1.1906911698656428,0.009365016018619164
1043.,1.1895495675934804,0.009339997373912844
1044.,1.1884101522988506,0.009315095259105797
1045.,1.1872729177033494,0.009290309421156884
1046.,1.1861378575525812,0.009265639605442447
1047.,1.1850049656160457,0.009241085555800537
1048.,1.1838742356870229,0.009216647014574381
1049.,1.1827456615824594,0.00919232372265571
1050.,1.181619237142857,0.0091681154195263
1051.,1.1804949562321598,0.009144021843300208
1052.,1.1793728127376426,0.009120042730763665
1053.,1.1782528005698008,0.009096177817416687
1054.,1.177134913662239,0.009072426837511543
1055.,1.176019145971564,0.009048789524092566
1056.,1.174905491477273,0.009025265609033689
1057.,1.173793944181646,0.009001854823076992
1058.,1.1726844981096407,0.008978556895869629
1059.,1.171577147308782,0.008955371556000112
1060.,1.1704718858490566,0.008932298531035105
1061.,1.1693687078228088,0.00890933754755344
1062.,1.1682676073446328,0.008886488331182817
1063.,1.16716857855127,0.00886375060663254
1064.,1.1660716156015039,0.00884112409772769
1065.,1.1649767126760564,0.008818608527443114
1066.,1.163883863977486,0.008796203617935205
1067.,1.1627930637300845,0.008773909090574144
1068.,1.1617043061797754,0.008751724665976176
1069.,1.160617585594013,0.008729650064033588
1070.,1.1595328962616822,0.008707685003946334
1071.,1.1584502324929973,0.008685829204251823
1072.,1.157369588619403,0.008664082382854198
1073.,1.1562909589934762,0.008642444257053997
1074.,1.1552143379888267,0.008620914543576302
1075.,1.15413972,0.00859949295859901
1076.,1.153067099442379,0.008578179217780608
1077.,1.151996470752089,0.008556973036287998
1078.,1.1509278283859,0.008535874128821865
1079.,1.1498611668211307,0.00851488220964425
1080.,1.1487964805555555,0.008493996992603982
1081.,1.1477337641073082,0.00847321819116209
1082.,1.1466730120147874,0.0084525455184172
1083.,1.145614218836565,0.008431978687129653
1084.,1.1445573791512915,0.00841151740974598
1085.,1.1435024875576036,0.00839116139842236
1086.,1.1424495386740332,0.008370910365048603
1087.,1.1413985271389144,0.008350764021270647
1088.,1.1403494476102942,0.008330722078513174
1089.,1.1393022947658402,0.008311850226362721
1090.,1.1382570633027524,0.008293610786909145
1091.,1.137213747937672,0.008275468486684529
1092.,1.1361723434065933,0.008257422356760717
1093.,1.135132844464776,0.008239471437737579
1094.,1.1340952458866544,0.008221614779641357
1095.,1.1330595424657535,0.008203851441823848
1096.,1.1320257290145985,0.008186180492863362
1097.,1.1309938003646307,0.008168601010465577
1098.,1.1299637513661203,0.008151112081368216
1099.,1.12893557688808,0.008133712801243148
1100.,1.1279092718181818,0.008116402274602563
1101.,1.1268848310626702,0.008099179614705132
1102.,1.1258622495462793,0.008082043943462817
1103.,1.1248415222121488,0.008064994391349799
1104.,1.1238226440217391,0.008048030097311202
1105.,1.1228056099547512,0.00803115020867401
1106.,1.1217904150090416,0.008014353881058213
1107.,1.120777054200542,0.007997640278289345
1108.,1.1197655225631769,0.007981008572311966
1109.,1.1187558151487826,0.007964457943103912
1110.,1.1177479270270272,0.007947987578591982
1111.,1.1167418532853284,0.007931596674567913
1112.,1.115737589028777,0.007915284434605804
1113.,1.114735129380054,0.007899050069980868
1114.,1.1137344694793538,0.007882892799587777
1115.,1.1127356044843049,0.007866811849860968
1116.,1.1117385295698925,0.007850806454695991
1117.,1.1107432399283796,0.007834875855371194
1118.,1.1097497307692308,0.007819019300470171
1119.,1.108757997319035,0.007803236045805903
1120.,1.1077680348214285,0.0077875253543446
1121.,1.1067798385370207,0.007771886496131943
1122.,1.1057934037433155,0.007756318748218325
1123.,1.1048087257346393,0.007740821394586156
1124.,1.103825799822064,0.007725393726078236
1125.,1.1028446213333334,0.007710035040325511
1126.,1.1018651856127888,0.007694744641677111
1127.,1.1008874880212955,0.007679521841130252
1128.,1.09991152393617,0.007664365956261669
1129.,1.0989372887511073,0.00764927631115865
1130.,1.0979647778761061,0.007634252236352296
1131.,1.0969939867374006,0.007619293068750635
1132.,1.0960249107773852,0.00760439815157191
1133.,1.0950575454545455,0.007589566834280845
1134.,1.0940918862433862,0.007574798472522798
1135.,1.0931279286343614,0.007560092428060486
1136.,1.0921656681338028,0.007545448068710661
1137.,1.0912051002638523,0.007530864768282582
1138.,1.0902462205623902,0.007516341906515024
1139.,1.0892890245829676,0.0075018788690163
1140.,1.088333507894737,0.007487475047203514
1141.,1.087379666082384,0.007473129838242985
1142.,1.0864274947460595,0.007458842644991099
1143.,1.0854769895013123,0.007444612875936092
1144.,1.084528145979021,0.0074304399451407726
1145.,1.0835809598253276,0.007416323272184483
1146.,1.0826354267015708,0.007402262282107657
1147.,1.0816915422842197,0.007388256405355134
1148.,1.0807493022648085,0.0073743050777218865
1149.,1.0798087023498695,0.007360407740297698
1150.,1.0788697382608696,0.0073465638394135235
1151.,1.0779324057341442,0.007332772826587629
1152.,1.0769967005208334,0.007319034158473865
1153.,1.076062618386817,0.007305347296807889
1154.,1.0751301551126515,0.007291711708356997
1155.,1.0741993064935065,0.007278126864868116
1156.,1.0732700683391003,0.0072645922430172915
1157.,1.0723424364736387,0.007251107324360225
1158.,1.0714164067357512,0.007237671595282563
1159.,1.0704919749784296,0.007224284546950841
1160.,1.0695691370689655,0.007210945675264377
1161.,1.0686478888888888,0.007197654480807282
1162.,1.0677282263339072,0.007184410468801049
1163.,1.0668101453138437,0.007171213149058132
1164.,1.0658936417525773,0.007158062035935373
1165.,1.064978711587983,0.007144956648288116
1166.,1.0640653507718698,0.007131896509425065
1167.,1.063153555269923,0.007118881147063831
1168.,1.0622433210616438,0.0071059100932858435
1169.,1.0613346441402909,0.007092982884493034
1170.,1.0604275205128206,0.00708009906136479
1171.,1.0595219461998293,0.0070672581688139835
1172.,1.0586179172354948,0.00705445975594573
1173.,1.0577154296675193,0.007041703376014862
1174.,1.05681447955707,0.007028988586384348
1175.,1.0559150629787235,0.007016314948484447
1176.,1.0550171760204081,0.0070036820277715964
1177.,1.0541208147833476,0.0069910893936893995
1178.,1.0532259753820032,0.0069785366196273855
1179.,1.0523326539440203,0.006966023282882755
1180.,1.0514408466101695,0.006953548964620984
1181.,1.050550549534293,0.006941113249837163
1182.,1.0496617588832486,0.006928715727318928
1183.,1.0487744708368554,0.006916355989607506
1184.,1.0478886815878379,0.006904033632961093
1185.,1.0470043873417723,0.006891748257318123
1186.,1.046121584317032,0.006879499466260512
1187.,1.0452402687447346,0.00686728686697757
1188.,1.0443604368686867,0.006855110070230716
1189.,1.0434820849453321,0.006842968690317284
1190.,1.0426052092436975,0.006830862345036813
1191.,1.04172980604534,0.006818790655655537
1192.,1.0408558716442953,0.006806753246872232
1193.,1.0399834023470242,0.006794749746785052
1194.,1.039112394472362,0.006782779786857457
1195.,1.0382428443514644,0.006770843001885251
1196.,1.037374748327759,0.006758939029963591
1197.,1.0365081027568923,0.006747067512455455
1198.,1.035642904006678,0.0067352280939583665
1199.,1.0347791484570477,0.006723420422273324
1200.,1.0339168325,0.006711644148373552
1201.,1.0330559525395504,0.0066998989263728475
1202.,1.0321965049916806,0.006688184413495448
1203.,1.0313384862842894,0.006676500270045148
1204.,1.0304818928571429,0.006664846159375425
1205.,1.0296267211618257,0.006653221747859838
1206.,1.0287729676616917,0.006641626704862166
1207.,1.0279206288318143,0.00663006070270748
1208.,1.0270697011589405,0.0066185234166535704
1209.,1.026220181141439,0.006607014524861447
1210.,1.0253720652892562,0.006595533708368643
1211.,1.0245253501238645,0.006584080651059524
1212.,1.0236800321782178,0.006572655039639124
1213.,1.0228361079967025,0.006561256563604978
1214.,1.0219935741350907,0.0065498849152201225
1215.,1.0211524271604937,0.006538539789486529
1216.,1.0203126636513158,0.006527220884118447
1217.,1.0194742801972063,0.006515032252425883
1218.,1.0186372733990148,0.006502338737554514
1219.,1.0178016398687448,0.006489673001354048
1220.,1.0169673762295082,0.006477035120554277
1221.,1.0161344791154792,0.006464425170266052
1222.,1.0153029451718494,0.0064518432240007195
1223.,1.0144727710547834,0.006439289353691073
1224.,1.0136439534313726,0.006426763629710554
1225.,1.0128164889795919,0.0064142661208926085
1226.,1.0119903743882546,0.006401796894550585
1227.,1.0111656063569683,0.006389356016496142
1228.,1.0103421815960913,0.0063769435510583235
1229.,1.0095200968266884,0.006364559561102176
1230.,1.0086993487804878,0.006352204108047116
1231.,1.0078799341998375,0.006339877251884792
1232.,1.0070618498376624,0.00632757905119746
1233.,1.0062450924574209,0.0063153095631752485
1234.,1.0054296588330631,0.006303068843634032
1235.,1.0046155457489878,0.006290856947032338
1236.,1.00380275,0.006278673926488651
1237.,1.0029912683912692,0.006266519833798468
1238.,1.0021810977382877,0.006254394719450361
1239.,1.0013722348668281,0.006242298632643235
1240.,1.0005646766129033,0.00623023162130158
1241.,0.9997584198227235,0.006218193732092835
1242.,0.998953461352657,0.006206185010442266
1243.,0.9981497980691875,0.006194205500548859
1244.,0.9973474268488747,0.006182255245400874
1245.,0.9965463445783133,0.006170334286791693
1246.,0.9957465481540931,0.006158442665334056
1247.,0.9949480344827587,0.006146580420475467
1248.,0.9941508004807692,0.006134747590513181
1249.,0.9933548430744595,0.006122944212608405
1250.,0.9925601592000001,0.00611117032280089
1251.,0.9917667458033573,0.006099425956023295
1252.,0.9909745998402556,0.006087711146114739
1253.,0.9901837182761373,0.006076025925835914
1254.,0.9893940980861244,0.0060643703268812195
1255.,0.98860573625498,0.00605274437989385
1256.,0.9878186297770701,0.0060411481144779814
1257.,0.9870327756563247,0.00602958155921299
1258.,0.9862481709062003,0.006018044741665913
1259.,0.9854648125496426,0.006006537688404714
1260.,0.9846826976190476,0.0059950604250112805
1261.,0.9839018231562252,0.005983612976093349
1262.,0.9831221862123614,0.005972195365297824
1263.,0.9823437838479809,0.005960807615322391
1264.,0.9815666131329114,0.0059494497479283814
1265.,0.9807906711462451,0.005938121783952376
1266.,0.9800159549763033,0.005926823743318317
1267.,0.9792424617205998,0.005915555645049046
1268.,0.9784701884858044,0.0059043175072781935
1269.,0.977699132387707,0.005893109347261673
1270.,0.976929290551181,0.005881931181388645
1271.,0.9761606601101496,0.005870783025193356
1272.,0.9753932382075472,0.005859664893365696
1273.,0.9746270219952868,0.0058485767997622715
1274.,0.973862008634223,0.0058375187574176085
1275.,0.9730981952941177,0.005826490778554295
1276.,0.972335579153605,0.005815492874593649
1277.,0.9715741574001566,0.005804525056166893
1278.,0.970813927230047,0.005793587333124337
1279.,0.9700548858483189,0.005782679714546423
1280.,0.96929703046875,0.0057718022087532945
1281.,0.9685403583138174,0.005760954823315428
1282.,0.9677848666146647,0.005750137565062525
1283.,0.967030552611068,0.005739350440094065
1284.,0.9662774135514018,0.005728593453788483
1285.,0.9655254466926071,0.005717866610812874
1286.,0.9647746493001556,0.005707169915132115
1287.,0.9640250186480186,0.005696503370018299
1288.,0.9632765520186334,0.0056858669780603345
1289.,0.9625292467028704,0.005675260741172025
1290.,0.9617831,0.005664684660601777
1291.,0.9610381092176608,0.005654138736941551
1292.,0.9602942716718267,0.005643622970134693
1293.,0.959551584686775,0.005633137359485663
1294.,0.9588100455950541,0.005622681903667734
1295.,0.9580696517374517,0.005612256600732145
1296.,0.9573304004629629,0.005601861448115742
1297.,0.9565922891287586,0.005591496442649833
1298.,0.9558553151001541,0.005581161580567429
1299.,0.9551194757505773,0.005570856857512639
1300.,0.9543847684615385,0.005560582268547355
1301.,0.953651190622598,0.005550337808159989
1302.,0.9529187396313364,0.005540123470272396
1303.,0.9521874128933231,0.005529939248248413
1304.,0.9514572078220859,0.0055197851349008805
1305.,0.9507281218390805,0.005509661122499407
1306.,0.95000015237366,0.005499567202777421
1307.,0.9492732968630451,0.005489503366940213
1308.,0.9485475527522936,0.005479469605671087
1309.,0.9478229174942705,0.0054694659091395195
1310.,0.9470993885496183,0.005459492267007701
1311.,0.9463769633867277,0.005449548668437441
1312.,0.9456556394817074,0.00543963510209771
1313.,0.944935414318355,0.005429751556170455
1314.,0.9442162853881277,0.0054198980183580965
1315.,0.943498250190114,0.005410074475890133
1316.,0.942781306231003,0.005400280915529308
1317.,0.942065451025057,0.0053905173235781565
1318.,0.941350682094082,0.005380783685886301
1319.,0.9406369969673996,0.005371079987855548
1320.,0.9399243931818182,0.005361406214446791
1321.,0.9392128682816049,0.005351762350186279
1322.,0.938502419818457,0.0053421483791717145
1323.,0.9377930453514739,0.005332564285078096
1324.,0.9370847424471299,0.005323010051163724
1325.,0.9363775086792452,0.005313485660276373
1326.,0.9356713416289593,0.005303991094858887
1327.,0.9349662388847023,0.005294526336955165
1328.,0.9342621980421688,0.005285091368215518
1329.,0.9335592167042889,0.005275686169902916
1330.,0.9328572924812031,0.005266310722897881
1331.,0.932156422990233,0.005256965007704179
1332.,0.9314566058558559,0.005247649004454915
1333.,0.9307578387096774,0.005238362692916986
1334.,0.9300601191904049,0.005229106052496849
1335.,0.9293634449438202,0.005219879062245914
1336.,0.9286678136227545,0.00521068170086523
1337.,0.9279732228870606,0.005201513946711292
1338.,0.9272796704035875,0.0051923757778006155
1339.,0.926587153846154,0.005183267171814802
1340.,0.9258956708955224,0.005174188106105804
1341.,0.9252052192393736,0.0051651385577002875
1342.,0.9245157965722802,0.005156118503305224
1343.,0.9238274005956814,0.005147127919311902
1344.,0.9231400290178571,0.00513816678180097
1345.,0.9224536795539033,0.005129235066547467
1346.,0.9217683499257058,0.005120332749024647
1347.,0.9210840378619154,0.00511145980440931
1348.,0.9204007410979229,0.005102616207585898
1349.,0.919718457375834,0.0050938019331507566
1350.,0.9190371844444445,0.005085016955417344
1351.,0.9183569200592153,0.005076261248419673
1352.,0.9176776619822485,0.005067534785917
1353.,0.9169994079822616,0.005058837541398212
1354.,0.9163221558345643,0.005050169488085786
1355.,0.9156459033210332,0.005041530598940057
1356.,0.9149706482300886,0.0050329208466632445
1357.,0.9142963883566692,0.0050243402037034365
1358.,0.9136231215022091,0.005015788642259081
1359.,0.9129508454746137,0.005007266134282016
1360.,0.9122795580882354,0.004998772651482327
1361.,0.91160925716385,0.004990308165331733
1362.,0.9109399405286343,0.0049818726470674144
1363.,0.910271606016141,0.004973466067695768
1364.,0.9096042514662757,0.004965088397996505
1365.,0.9089378747252748,0.004956739608525722
1366.,0.9082724736456809,0.004948419669620061
1367.,0.9076080460863205,0.004940128551400108
1368.,0.9069445899122807,0.004931866223773946
1369.,0.9062821029948868,0.004923632656440477
1370.,0.9056205832116787,0.004915427818893498
1371.,0.9049600284463896,0.0049072516804243805
1372.,0.9043004365889212,0.004899104210126018
1373.,0.9036418055353241,0.004890985376895864
1374.,0.902984133187773,0.004882895149439406
1375.,0.9023274174545454,0.004874833496273339
1376.,0.9016716562500001,0.004866800385728852
1377.,0.9010168474945534,0.004858795785954936
1378.,0.900362989114659,0.004850819664921215
1379.,0.8997100790427847,0.004842871990421454
1380.,0.8990581152173913,0.004834952730076223
1381.,0.898407095582911,0.004827061851336436
1382.,0.897757018089725,0.004819199321486063
1383.,0.8971078806941433,0.004811365107644884
1384.,0.8964596813583815,0.004803559176772169
1385.,0.8958124180505416,0.004795781495668569
1386.,0.8951660887445887,0.004788032030979878
1387.,0.8945206914203316,0.004780310749199348
1388.,0.8938762240634005,0.0047726176166706345
1389.,0.8932326846652268,0.004764952599590879
1390.,0.8925900712230216,0.004757315664012757
1391.,0.8919483817397555,0.004749706775847803
1392.,0.891307614224138,0.0047421259008687735
1393.,0.8906677666905959,0.0047345730047124385
1394.,0.8900288371592541,0.004727048052881951
1395.,0.889390823655914,0.004719551010749796
1396.,0.8887537242120345,0.004712081843560002
1397.,0.8881175368647102,0.00470464051643085
1398.,0.8874822596566524,0.004697226994357206
1399.,0.8868478906361688,0.004689841242213233
1400.,0.8862144278571429,0.004682483224754445
1401.,0.8855818693790151,0.004675152906620354
1402.,0.8849502132667618,0.004667850252336913
1403.,0.8843194575908767,0.004660575226318695
1404.,0.8836896004273505,0.004653327792871305
1405.,0.8830606398576513,0.004646107916193284
1406.,0.8824325739687057,0.004638915560379029
1407.,0.8818054008528784,0.004631750689420509
1408.,0.8811791186079545,0.004624613267210014
1409.,0.8805537253371186,0.004617503257541342
1410.,0.8799292191489363,0.004610420624112892
1411.,0.8793055981573352,0.004603365330529637
1412.,0.8786828604815865,0.004596337340304803
1413.,0.8780610042462845,0.004589336616862184
1414.,0.8774400275813296,0.004582363123538442
1415.,0.8768199286219082,0.004575416823584572
1416.,0.8762007055084746,0.004568497680168432
1417.,0.8755823563867325,0.004561605656376519
1418.,0.8749648794076164,0.004554740715215638
1419.,0.8743482727272728,0.004547902819615494
1420.,0.8737325345070424,0.00454109193242985
1421.,0.8731176629134413,0.004534308016439059
1422.,0.8725036561181435,0.004527551034351318
1423.,0.8718905122979621,0.004520820948805018
1424.,0.8712782296348315,0.004514117722370405
1425.,0.8706668063157894,0.004507441317550959
1426.,0.8700562405329594,0.004500791696785969
1427.,0.8694465304835318,0.004494168822451688
1428.,0.8688376743697479,0.004487572656863033
1429.,0.8682296703988803,0.004481003162275561
1430.,0.8676225167832168,0.004474460300887203
1431.,0.867016211740042,0.004467944034839504
1432.,0.8664107534916202,0.0044614543262198846
1433.,0.865806140265178,0.004454991137062657
1434.,0.865202370292887,0.004448554429351026
1435.,0.8645994418118467,0.004442144165018468
1436.,0.8639973530640668,0.0044357603059505145
1437.,0.863396102296451,0.004429402813985852
1438.,0.8627956877607788,0.004423071650918707
1439.,0.86219610771369,0.004416766778499149
1440.,0.8615973604166667,0.004410488158435855
1441.,0.8609994441360166,0.0044042357523963885
1442.,0.8604023571428573,0.004398009522009586
1443.,0.8598060977130978,0.004391809428866661
1444.,0.8592106641274239,0.004385635434522221
1445.,0.8586160546712803,0.004379487500496526
1446.,0.8580222676348549,0.004373365588275993
1447.,0.8574293013130615,0.004367269659315126
1448.,0.8568371540055248,0.004361199675037513
1449.,0.8562458240165632,0.00435515559683776
1450.,0.8556553096551723,0.004349137386081788
1451.,0.8550656092350103,0.004343145004109167
1452.,0.8544767210743801,0.004337178412233799
1453.,0.8538886434962147,0.004331237571745217
1454.,0.8533013748280606,0.004325322443910151
1455.,0.8527149134020618,0.004319432989973482
1456.,0.8521292575549452,0.004313569171159517
1457.,0.8515444056280027,0.0043077309486731635
1458.,0.8509603559670782,0.004301918283701397
1459.,0.8503771069225498,0.004296131137413898
1460.,0.8497946568493151,0.004290369470964887
1461.,0.8492130041067761,0.004284633245493464
1462.,0.8486321470588235,0.00427892242212566
1463.,0.8480520840738209,0.00427323696197464
1464.,0.8474728135245903,0.004267576826142329
1465.,0.846894333788396,0.004261941975720862
1466.,0.8463166432469305,0.004256332371792506
1467.,0.8457397402862986,0.00425074797543184
1468.,0.8451636232970027,0.004245188747706151
1469.,0.8445882906739277,0.004239654649676971
1470.,0.8440137408163265,0.004234145642400504
1471.,0.8434399721278042,0.004228661686929202
1472.,0.8428669830163042,0.004223202744312315
1473.,0.8422947718940936,0.0042177687755970625
1474.,0.8417233371777476,0.00421235974182955
1475.,0.8411526772881357,0.004206975604056177
1476.,0.8405827906504064,0.004201616323323537
1477.,0.8400136756939742,0.004196281860680291
1478.,0.8394453308525035,0.004190972177177842
1479.,0.8388777545638946,0.004185687233871153
1480.,0.8383109452702704,0.004180426991819546
1481.,0.8377449014179609,0.004175191412087765
1482.,0.8371796214574899,0.0041699804557466785
1483.,0.8366151038435603,0.004164794083874457
1484.,0.8360513470350405,0.004159632257557094
1485.,0.8354883494949495,0.00415449493788928
1486.,0.8349261096904442,0.004149382085975404
1487.,0.8343646260928043,0.00414429366293027
1488.,0.8338038971774194,0.004139229629879868
1489.,0.8332439214237743,0.004134189947962162
1490.,0.8326846973154363,0.004129174578328074
1491.,0.8321262233400403,0.004124183482141796
1492.,0.8315684979892762,0.004119216620582232
1493.,0.8310115197588747,0.004114273954843151
1494.,0.8304552871485944,0.0041093554461341525
1495.,0.8298997986622073,0.004104461055681336
1496.,0.8293450528074866,0.004099590744728315
1497.,0.8287910480961925,0.004094744474536625
1498.,0.8282377830440587,0.004089922206386127
1499.,0.8276852561707805,0.004085123901576732
1500.,0.827133466,0.004080349521427751
1501.,0.8265824110592939,0.0040755990272798555
1502.,0.8260320898801599,0.004070872380494812
1503.,0.825482500998004,0.004066169542456269
1504.,0.8249336429521277,0.004061490474571005
1505.,0.8243855142857144,0.004056835138268918
1506.,0.8238381135458167,0.004052203495004036
1507.,0.8232914392833445,0.004047595506254793
1508.,0.8227454900530504,0.0040430111335250886
1509.,0.8222002644135189,0.004038450338344475
1510.,0.8216557609271523,0.004033913082268983
1511.,0.8211119781601589,0.004029399326881569
1512.,0.8205689146825397,0.004024909033792919
1513.,0.8200265690680766,0.004020442164641741
1514.,0.8194849398943197,0.004015998681095665
1515.,0.8189440257425743,0.0040115785448513784
1516.,0.8184038251978892,0.00400718171763552
1517.,0.8178643368490441,0.0040028081612049835
1518.,0.8173255592885376,0.003998457837347583
1519.,0.816787491112574,0.003994130707882629
1520.,0.8162501309210526,0.003989826734661484
1521.,0.8157134773175543,0.003985545879567554
1522.,0.8151775289093298,0.003981288104517477
1523.,0.8146422843072881,0.003977053371461292
1524.,0.8141077421259842,0.003972841642382896
1525.,0.8135739009836066,0.0039686528793006015
1526.,0.813040759501966,0.003964487044267839
1527.,0.8125083163064833,0.0039603440993730464
1528.,0.8119765700261782,0.003956224006740484
1529.,0.8114455192936562,0.003952126728530967
1530.,0.810915162745098,0.003948052226941592
1531.,0.8103854990202483,0.003944000464206926
1532.,0.8098565267624022,0.003939971402599073
1533.,0.8093282446183953,0.003935965004427888
1534.,0.8088006512385919,0.003931981232042115
1535.,0.808273745276873,0.003928020047828717
1536.,0.807747525390625,0.003924081414214199
1537.,0.8072219902407288,0.0039201652936649125
1538.,0.8066971384915476,0.003916271648686846
1539.,0.8061729688109162,0.003912400441826662
1540.,0.8056494798701299,0.003908551635671885
1541.,0.8051266703439325,0.0039047251928508602
1542.,0.8046045389105059,0.003900921076033895
1543.,0.8040830842514582,0.003897139247932892
1544.,0.8035623050518135,0.003893379671302425
1545.,0.8030422,0.0038896423089389907
1546.,0.8025227677878397,0.0038859271236828937
1547.,0.8020040071105365,0.003882234078417143
1548.,0.8014859166666667,0.003878563136068787
1549.,0.8009684951581666,0.003874914259608622
1550.,0.8004517412903226,0.0038712874120519158
1551.,0.7999356537717602,0.0038676825564582314
1552.,0.799420231314433,0.0038640996559327376
1553.,0.7989054726336123,0.0038605386736251064
1554.,0.7983913764478764,0.0038569995727311007
1555.,0.7978779414790997,0.003853482316492236
1556.,0.7973651664524422,0.003849986868196057
1557.,0.7968530500963391,0.0038465131911765735
1558.,0.7963415911424903,0.0038430612488146833
1559.,0.7958307883258499,0.0038396310045382943
1560.,0.7953206403846155,0.0038362224218224006
1561.,0.7948111460602177,0.0038328354641896678
1562.,0.7943023040973112,0.003829470095210649
1563.,0.793794113243762,0.0038261262785041794
1564.,0.7932865722506395,0.0038228039777368408
1565.,0.7927796798722045,0.0038195031566245164
1566.,0.7922734348659005,0.0038162237789315045
1567.,0.7917678359923421,0.0038129658084714215
1568.,0.791262882015306,0.003809729209106985
1569.,0.7907585717017208,0.0038065139447507708
1570.,0.790254903821656,0.0038033199793648803
1571.,0.7897518771483131,0.0038001472769617142
1572.,0.7892494904580153,0.003796995801603815
1573.,0.7887477425301971,0.0037938655174041373
1574.,0.7882466321473952,0.003790756388526304
1575.,0.7877461580952381,0.003787668379185
1576.,0.7872463191624365,0.003784601453645843
1577.,0.7867471141407737,0.0037815555762259778
1578.,0.7862485418250951,0.0037785307112938064
1579.,0.7857506010132996,0.0037755268232696317
1580.,0.7852532905063292,0.0037725438766253276
1581.,0.7847566091081595,0.0037695818358854877
1582.,0.7842605556257903,0.0037666406656263946
1583.,0.7837651288692356,0.0037637203304767487
1584.,0.7832703276515153,0.003760820795118444
1585.,0.7827761507886436,0.0037579420242856237
1586.,0.7822825970996217,0.003755083982765643
1587.,0.7817896654064272,0.0037522466353988883
1588.,0.7812973545340051,0.003749429947079215
1589.,0.7808056633102581,0.0037466338827537244
1590.,0.7803145905660377,0.0037438584074232645
1591.,0.7798241351351352,0.0037411034861423837
1592.,0.7793342958542714,0.003738369084019519
1593.,0.7788450715630886,0.00373565516621735
1594.,0.7783564611041405,0.003732961697952623
1595.,0.7778684633228841,0.0037302886444962676
1596.,0.7773810770676691,0.0037276359711739798
1597.,0.7768943011897307,0.003725003643365997
1598.,0.776408134543179,0.0037223916265071407
1599.,0.7759225759849907,0.0037197998860873274
1600.,0.775437624375,0.0037172283876514157
1601.,0.77495327857589,0.0037146770967991442
1602.,0.7744695374531835,0.0037121459791858162
1603.,0.773986399875234,0.0037096350005219364
1604.,0.7735038647132169,0.0037071441265735627
1605.,0.7730219308411216,0.0037046733231621398
1606.,0.7725405971357411,0.0037022225561649863
1607.,0.7720598624766647,0.0036997917915149933
1608.,0.7715797257462687,0.003697380995201413
1609.,0.7711001858297079,0.003694990133268822
1610.,0.770621241614907,0.003692619171818493
1611.,0.7701428919925513,0.003690268077007442
1612.,0.7696651358560794,0.0036875868675812842
1613.,0.7691879721016739,0.003684771686397958
1614.,0.7687113996282529,0.0036819709347523117
1615.,0.7682354173374614,0.0036791845750780605
1616.,0.7677600241336634,0.0036764125699405036
1617.,0.7672852189239333,0.0036736548820371835
1618.,0.766811000618047,0.0036709114741955203
1619.,0.7663373681284744,0.0036681823093741325
1620.,0.7658643203703704,0.003665467350660588
1621.,0.7653918562615669,0.003662766561272255
1622.,0.7649199747225647,0.0036600799045550933
1623.,0.764448674676525,0.003657407343983033
1624.,0.7639779550492611,0.0036547488431580115
1625.,0.7635078147692308,0.003652104365808725
1626.,0.7630382527675277,0.0036494738757909813
1627.,0.7625692679778734,0.003646857337086063
1628.,0.7621008593366094,0.003644254713801448
1629.,0.7616330257826888,0.0036416659701693013
1630.,0.7611657662576689,0.0036390910705463076
1631.,0.7606990797057019,0.003636529979413721
1632.,0.7602329650735294,0.0036339826613757983
1633.,0.7597674213104715,0.003631449081160061
1634.,0.759302447368421,0.0036289292036166504
1635.,0.7588380422018349,0.003626422993717557
1636.,0.7583742047677261,0.0036239304165565224
1637.,0.7579109340256567,0.0036214514373481797
1638.,0.757448228937729,0.00361898602142788
1639.,0.7569860884685784,0.003616534134250902
1640.,0.7565245115853659,0.00361409574139231
1641.,0.7560634972577697,0.003611670808545965
1642.,0.7556030444579781,0.003609259301524606
1643.,0.7551431521606817,0.0036068611862590996
1644.,0.7546838193430657,0.003604476428797754
1645.,0.7542250449848026,0.0036021049953063114
1646.,0.7537668280680437,0.003599746852066939
1647.,0.7533091675774135,0.0035974019654784273
1648.,0.7528520624999999,0.0035950703020549016
1649.,0.7523955118253487,0.003592751828426028
1650.,0.7519395145454545,0.0035904465113362136
1651.,0.7514840696547547,0.0035881543176442816
1652.,0.7510291761501211,0.003585875214322792
1653.,0.7505748330308532,0.0035836091684580385
1654.,0.7501210392986699,0.0035813561472489873
1655.,0.749667793957704,0.0035791161180072804
1656.,0.7492150960144928,0.003576889048156717
1657.,0.7487629444779723,0.003574674905232424
1658.,0.7483113383594693,0.0035724736568809395
1659.,0.7478602766726944,0.003570285270859316
1660.,0.7474097584337349,0.0035681097150351442
1661.,0.7469597826610477,0.0035659469573856174
1662.,0.7465103483754513,0.0035637969659973578
1663.,0.7460614546001203,0.0035616597090660186
1664.,0.745613100360577,0.003559535154895565
1665.,0.7451652846846847,0.003557423271898226
1666.,0.744718006602641,0.0035553240285937327
1667.,0.7442712651469706,0.003553237393609035
1668.,0.743825059352518,0.0035511633356779715
1669.,0.743379388256441,0.003549101823640484
1670.,0.7429342508982036,0.003547052826442723
1671.,0.742489646319569,0.0035450163131359926
1672.,0.7420455735645933,0.0035429922528768427
1673.,0.7416020316796174,0.003540980614926571
1674.,0.7411590197132616,0.0035389813686503963
1675.,0.740716536716418,0.003536994483517594
1676.,0.7402745817422435,0.0035350199291008313
1677.,0.7398331538461538,0.003533057675075488
1678.,0.7393922520858164,0.0035311076912197307
1679.,0.7389518755211436,0.003529169947413792
1680.,0.7385120232142858,0.0035272444136398773
1681.,0.7380726942296253,0.0035253310599809647
1682.,0.7376338876337692,0.0035234298566216076
1683.,0.7371956024955437,0.0035215407738464943
1684.,0.7367578378859857,0.0035196637820405358
1685.,0.7363205928783383,0.0035177988516882975
1686.,0.7358838665480427,0.003515945953373815
1687.,0.7354476579727326,0.0035141050577800078
1688.,0.7350119662322276,0.0035122761356883407
1689.,0.7345767904085257,0.003510459157978241
1690.,0.7341421295857988,0.003508654095627086
1691.,0.7337079828503844,0.0035068609197096276
1692.,0.7332743492907802,0.0035050796013974847
1693.,0.7328412279976373,0.003503310111958929
1694.,0.7324086180637545,0.0035015524227583338
1695.,0.7319765185840708,0.0034998065052560838
1696.,0.7315449286556603,0.00349807233100795
1697.,0.7311138473777253,0.0034963498716646265
1698.,0.73068327385159,0.003494639098971643
1699.,0.7302532071806945,0.003492939984768563
1700.,0.7298236464705882,0.0034912525009894537
1701.,0.7293945908289241,0.003489576619661467
1702.,0.7289660393654523,0.003487912312904958
1703.,0.7285379911920141,0.0034862595529333183
1704.,0.7281104454225353,0.003484618312052388
1705.,0.7276834011730205,0.0034829885626598825
1706.,0.7272568575615475,0.0034813702772454823
1707.,0.7268308137082602,0.0034797634283901153
1708.,0.726405268735363,0.003478167988765575
1709.,0.7259802217671153,0.003476583931134707
1710.,0.7255556719298245,0.003475011228350119
1711.,0.7251316183518409,0.003473449853354688
1712.,0.7247080601635514,0.0034718997791808866
1713.,0.724284996497373,0.0034703609789501866
1714.,0.723862426487748,0.003468833425873038
1715.,0.7234403492711371,0.0034673170932485666
1716.,0.723018763986014,0.0034658119544637186
1717.,0.7225976697728597,0.003464317982993656
1718.,0.722177065774156,0.0034628351524006295
1719.,0.7217569511343804,0.00346136343633433
1720.,0.721337325,0.00345990280853117
1721.,0.7209181865194655,0.003458453242813877
1722.,0.7204995348432056,0.0034570147130914583
1723.,0.7200813691236216,0.003455587193358429
1724.,0.7196636885150812,0.0034541706576950632
1725.,0.7192464921739131,0.0034527650802667863
1726.,0.718829779258401,0.00345137043532317
1727.,0.7184135489287782,0.0034499866971989474
1728.,0.7179978003472222,0.0034486138403125436
1729.,0.7175825326778484,0.0034472518391663455
1730.,0.7171677450867052,0.0034459006683459337
1731.,0.7167534367417677,0.003444560302520382
1732.,0.7163396068129331,0.003443230716441246
1733.,0.7159262544720139,0.0034419118849425617
1734.,0.7155133788927336,0.003440603782940924
1735.,0.7151009792507205,0.0034393063854342024
1736.,0.7146890547235023,0.0034380196675020047
1737.,0.7142776044905009,0.003436743604305258
1738.,0.7138666277330264,0.0034354781710855525
1739.,0.7134561236342726,0.0034342233431652524
1740.,0.7130460913793104,0.0034329790959466695
1741.,0.7126365301550833,0.0034317454049122625
1742.,0.7122274391504019,0.0034305222456242467
1743.,0.711818817555938,0.003429309593723748
1744.,0.7114106645642202,0.0034281074249312006
1745.,0.7110029793696275,0.003426915715045714
1746.,0.710595761168385,0.0034257344399445198
1747.,0.7101890091585574,0.0034245635755834137
1748.,0.7097827225400457,0.003423403097995492
1749.,0.7093769005145798,0.003422252983291572
1750.,0.7089715422857144,0.0034211132076596667
1751.,0.7085666470588236,0.0034199837473645684
1752.,0.7081622140410958,0.00341886457874775
1753.,0.7077582424415287,0.003417755678226831
1754.,0.7073547314709236,0.0034166570222956285
1755.,0.7069516803418804,0.003415568587523377
1756.,0.7065490882687927,0.0034144903505550265
1757.,0.706146954467843,0.003413422288110502
1758.,0.7057452781569966,0.0034123643769843532
1759.,0.7053440585559978,0.003411316594045996
1760.,0.7049432948863635,0.0034102789162388596
1761.,0.7045429863713799,0.0034092513205804032
1762.,0.7041431322360954,0.003408233784161871
1763.,0.7037437317073171,0.003407226284147799
1764.,0.7033447840136055,0.003406228797775727
1765.,0.7029462883852691,0.0034052413023560814
1766.,0.7025482440543601,0.0034042637752720525
1767.,0.7021506502546689,0.0034032961939787607
1768.,0.7017535062217196,0.0034023385360035215
1769.,0.7013568111927642,0.003401390778945264
1770.,0.7009605644067797,0.003400452900474459
1771.,0.7005647651044606,0.003399524878332638
1772.,0.7001694125282167,0.0033986066903322113
1773.,0.699774505922166,0.003397698314356356
1774.,0.6993800445321308,0.0033967997283584623
1775.,0.6989860276056338,0.003395910910361921
1776.,0.6985924543918919,0.0033950318384602164
1777.,0.6981993241418121,0.003394162490816108
1778.,0.6978066361079865,0.0033933028456616518
1779.,0.697414389544688,0.003392452881297927
1780.,0.6970225837078653,0.003391612576095091
1781.,0.6966312178551376,0.003390781908491136
1782.,0.6962402912457913,0.0033899608569928933
1783.,0.6958498031407739,0.0033891494001747624
1784.,0.6954597528026906,0.003388347516678976
1785.,0.6950701394957982,0.0033875551852153504
1786.,0.6946809624860022,0.003386772384560541
1787.,0.6942922210408506,0.0033859990935585214
1788.,0.6939039144295301,0.0033852352911196626
1789.,0.693516041922862,0.0033844809562209926
1790.,0.693128602793296,0.003383736067905277
1791.,0.692741596314908,0.003383000605281698
1792.,0.6923550217633928,0.0033822745475248733
1793.,0.6919688784160625,0.0033815578738748703
1794.,0.6915831655518395,0.0033808505636368424
1795.,0.6911978824512536,0.0033801525961808833
1796.,0.6908130283964364,0.003379463950942002
1797.,0.6904286026711185,0.0033787846074192955
1798.,0.6900446045606229,0.003378114545176176
1799.,0.6896610333518621,0.0033774537438401573
1800.,0.6892778883333333,0.0033768021831022013
1801.,0.6888951687951139,0.003376159842716884
1802.,0.6885128740288569,0.0033755267025019258
1803.,0.6881310033277872,0.0033749027423380378
1804.,0.6877495559866963,0.0033742879421687247
1805.,0.6873685313019391,0.0033736822819999705
1806.,0.6869879285714285,0.0033730857418998892
1807.,0.686607747094632,0.0033724983019990528
1808.,0.6862279861725663,0.003371919942489253
1809.,0.6858486451077944,0.003371350643624166
1810.,0.68546972320442,0.0033707903857189045
1811.,0.685091219768084,0.0033702391491495006
1812.,0.6847131341059604,0.0033696969143527395
1813.,0.6843354655267513,0.0033691636618264848
1814.,0.6839582133406836,0.0033686393721287047
1815.,0.683581376859504,0.0033681240258773564
1816.,0.6832049553964759,0.003367617603750996
1817.,0.6828289482663732,0.003367120086487261
1818.,0.6824533547854785,0.0033666314548835767
1819.,0.6820781742715779,0.003366151689796683
1820.,0.6817034060439561,0.0033656807721425194
1821.,0.6813290494233938,0.0033652186828956304
1822.,0.6809551037321625,0.003364765403089105
1823.,0.6805815682940209,0.0033643209138149006
1824.,0.6802084424342105,0.0033638851962225933
1825.,0.6798357254794519,0.0033634582315201847
1826.,0.6794634167579409,0.0033630400009732886
1827.,0.6790915155993432,0.003362630485904916
1828.,0.6787200213347921,0.003362229667695491
1829.,0.6783489332968835,0.003361837527782576
1830.,0.6779782508196721,0.003361454047660797
1831.,0.6776079732386674,0.00336107920888112
1832.,0.6772380998908297,0.0033607129930512585
1833.,0.6768686301145663,0.0033603553818350586
1834.,0.6764995632497275,0.0033600063569524195
1835.,0.6761308986376022,0.003359665900179108
1836.,0.6757626356209151,0.0033593339933465044
1837.,0.6753947735438216,0.0033590106183417753
1838.,0.6750273117519042,0.0033586957571065815
1839.,0.6746602495921696,0.003358389391638191
1840.,0.6742935864130435,0.003358091503988562
1841.,0.6739273215643671,0.0033578020762641443
1842.,0.6735614543973941,0.0033575210906260033
1843.,0.6731959842647857,0.003357248529289043
1844.,0.6728309105206074,0.003356984374522652
1845.,0.6724662325203252,0.0033567286086497524
1846.,0.6721019496208017,0.0033564812140468568
1847.,0.6717380611802924,0.0033562421731438905
1848.,0.6713745665584416,0.0033560114684241986
1849.,0.6710114651162791,0.0033557890824239362
1850.,0.6706487562162162,0.003355574997732148
1851.,0.6702864392220421,0.003355369196990539
1852.,0.6699245134989201,0.003355171662893079
1853.,0.6695629784133837,0.0033549823781861806
1854.,0.6692018333333333,0.003354801325668327
1855.,0.6688410776280324,0.0033546284881896373
1856.,0.6684807106681034,0.0033544638486520967
1857.,0.668120731825525,0.003354307390009078
1858.,0.6677611404736276,0.003354159095265177
1859.,0.6674019359870899,0.0033540189474762583
1860.,0.6670431177419355,0.003353886929748909
1861.,0.6666846851155294,0.0033537630252406287
1862.,0.6663266374865736,0.003353647217159265
1863.,0.6659689742351046,0.0033535394887631046
1864.,0.6656116947424893,0.003353439823360693
1865.,0.665254798391421,0.003353348204310356
1866.,0.6648982845659164,0.0033532646150204078
1867.,0.6645421526513123,0.0033531890389488076
1868.,0.6641864020342613,0.003353121459602602
1869.,0.6638310321027286,0.003353061860538538
1870.,0.6634760422459893,0.0033530102253621174
1871.,0.6631214318546231,0.0033529665377279366
1872.,0.662767200320513,0.0033529307813393084
1873.,0.6624133470368393,0.0033529029399478076
1874.,0.662059871398079,0.0033528829973538047
1875.,0.6617067728,0.003352870937405467
1876.,0.6613540506396589,0.0033528667439993443
1877.,0.661001704315397,0.003352870401079475
1878.,0.6606497332268371,0.003352881892637674
1879.,0.6602981367748803,0.0033529012027133354
1880.,0.6599469143617022,0.003352928315393166
