lambda (nm), E(eV), Cext [nm^2], Csca [nm^2]
400.38,3.0988071332234375,385.15792758458576,7.3867675494731255
400.59,3.097182655583015,384.9184722652273,7.371847625975943
400.79,3.095637116694528,384.69172914291994,7.357680215854913
401.,3.0940159600997506,384.45500993421024,7.342848195210241
401.2,3.0924735792622133,384.2308462821228,7.328763780960754
401.41,3.090855733539274,383.9968079514987,7.314018153671831
401.61,3.0893165010831405,383.77517135717136,7.300015306846708
401.82,3.0877019560997465,383.54375906813254,7.285354582570055
402.02,3.086165862394906,383.3245974908549,7.271431892773677
402.23,3.0845546080600648,383.09575679156217,7.2568545999240035
402.43,3.083021643515642,382.87901855161044,7.243010674442049
402.64,3.081413669779456,382.65269536368817,7.228515359809768
402.84,3.0798838248436105,382.43832913176294,7.214748823250933
403.05,3.0782791216970593,382.21446973931154,7.200334051632162
403.25,3.0767523868567883,382.0024245261629,7.186643545581515
403.46,3.0751509443315324,381.78097556496357,7.1723078994200655
403.66,3.0736273101124705,381.5712007112078,7.158692082103773
403.87,3.0720291182806347,381.3521091581242,7.144434161144968
404.07,3.070508575246863,381.1445543242391,7.130891707106062
404.27,3.068989536695773,380.9380642533813,7.117384563878578
404.48,3.0673961629746835,380.72238264331503,7.10323972784711
404.68,3.0658802016408027,380.5180382678141,7.089804005401629
404.89,3.064290054088765,380.3045835673308,7.075733483929704
405.09,3.062777160630971,380.1023353011733,7.062367896065649
405.3,3.0611902294596596,379.89105559650216,7.048370346695798
405.5,3.059680394574599,379.6908541400213,7.0350736224818915
405.71,3.058096670035247,379.48169781318757,7.021147718642409
405.91,3.056589884457145,379.2834941438275,7.007918602139051
406.12,3.0550093568403427,379.0764098630441,6.99406303285774
406.32,3.053505611340815,378.88015522629604,6.980900282849386
406.53,3.051928270976312,378.6750919365201,6.967113752477378
406.73,3.050427556364172,378.48073783700534,6.954016142214206
406.94,3.048853393620681,378.27764475066584,6.9402973701598505
407.14,3.0473557007417598,378.0851429433792,6.927263687108888
407.34,3.0458594785682727,377.8935272592477,6.914260752275889
407.55,3.04429002576371,377.6932720129636,6.900640453186537
407.75,3.0427968117719186,377.5034372867904,6.887699667350612
407.96,3.0412305127953725,377.3050269960121,6.874144004400058
408.16,3.0397402979223833,377.1169255686578,6.861264189375937
408.37,3.03817714327693,376.92031030837256,6.847771932542321
408.57,3.0366899184962186,376.7338947416944,6.834951923563643
408.78,3.0351298987230293,376.53902481467156,6.821521856804002
408.98,3.0336456550442565,376.3542478834248,6.808760502313833
409.19,3.032088760722403,376.16107381177926,6.795391423348438
409.39,3.030607489191236,375.9778884956602,6.7826875847981976
409.59,3.0291276642496157,375.79546257408896,6.77001139351207
409.8,3.027575402635432,375.604720488393,6.756730856560128
410.,3.026098536585366,375.4238165873972,6.744110510936905
410.21,3.02454937714829,375.2346481639658,6.730888029131099
410.41,3.0230754611242414,375.0552197394452,6.718322422164025
410.62,3.0215293945740584,374.86757620151485,6.705156839663233
410.82,3.020058419745874,374.6895768876089,6.692644876714835
411.03,3.0185154368294285,374.5034096416844,6.6795350505775435
411.23,3.0170473944021596,374.3267932434081,6.667075649213636
411.43,3.0155807792334053,374.1508347244411,6.654641498484636
411.64,3.0140423671168985,373.96677435761666,6.641612539058797
411.84,3.0125786713286717,373.79213032586523,6.629229361708673
412.05,3.0110433199854385,373.60942610562165,6.616253370108766
412.25,3.009582534869618,373.43605076010294,6.603920113390568
412.46,3.00805023517432,373.2546546730518,6.590995990382971
412.66,3.006592352057384,373.08250235897526,6.578711613231296
412.86,3.0051358814125853,372.9109301206331,6.56645070546957
413.07,3.003608105163774,372.73139174361904,6.553601744674182
413.27,3.002154523677015,372.5609748672631,6.541388188909676
413.48,3.000629776530908,372.3826258107314,6.528588414641014
413.68,2.999179075614001,372.1945808186998,6.516089358895836
413.89,2.9976573485708764,371.98260067190205,6.502723234440011
414.09,2.996209519669637,371.7812536295948,6.490017950257173
414.29,2.9947630886577037,371.58045045166654,6.477336704650764
414.5,2.9932458383594693,371.3702119861563,6.464047561045722
414.7,2.991802266698819,371.1705795099173,6.451416428472691
414.91,2.9902880142681543,370.9616095454164,6.438180485849788
415.11,2.9888472934884724,370.7632224788323,6.4256005703987755
415.32,2.9873360300491187,370.555599288633,6.412418977395935
415.52,2.9858981517135157,370.3585320186287,6.399891362924552
415.72,2.9844616568844415,370.16213545180483,6.387389648417184
415.93,2.9829548241290604,369.95666014947494,6.374290997476879
416.13,2.981521159253118,369.76169348399003,6.361843159653705
416.34,2.9800172935581495,369.5577582764069,6.348801624980446
416.54,2.9785864502808854,369.36429515284203,6.336408698552861
416.74,2.9771569803714546,369.1715921028242,6.324042927843849
416.95,2.975657512891234,368.97009099583994,6.311088356883601
417.15,2.9742308522114347,368.7790005399054,6.298779001493802
417.36,2.9727343300747555,368.5792310004075,6.2858841874321945
417.56,2.9713104703515665,368.38982611176573,6.2736322347703295
417.76,2.969887973956338,368.2012698573315,6.26140863618326
417.97,2.9683958178816656,368.00421803835985,6.248604623676344
418.17,2.9669761101944188,367.8174554722475,6.2364398628383215
418.38,2.9654868779578374,367.62232505904564,6.223698126898944
418.58,2.964069950785991,367.4374285713814,6.21159314593837
418.78,2.9626543769998572,367.2534685711717,6.199517662464321
418.99,2.9611694789851786,367.0613372332019,6.186870389970076
419.19,2.9597566735847707,366.87935063067476,6.1748560556259475
419.4,2.958274678111588,366.6893291293879,6.162273463906802
419.6,2.9568646329837938,366.50938782116526,6.1503211777280065
419.8,2.955455931395903,366.3304702549322,6.138399480156783
420.01,2.953978238613366,366.1437272664924,6.125914846320433
420.21,2.9525722852859286,365.9669616492063,6.114056503767863
420.42,2.9510974739546167,365.7825157618894,6.10163884536795
420.62,2.9496942608530263,365.6079735915336,6.08984471611585
420.82,2.9482923815408015,365.4345419341242,6.078082217140417
421.03,2.9468218416739904,365.25365244888604,6.065765852698428
421.23,2.945422690691546,365.08255037356577,6.054068815064977
421.44,2.9439550113895216,364.9041443421892,6.04182161747218
421.64,2.9425585807798122,364.73544304851464,6.030190861189366
421.84,2.9411634743030532,364.5679386767762,6.01859273041012
422.05,2.939700035540813,364.3933657777991,6.00645001412608
422.25,2.9383076376554174,364.2283679564928,5.994919357716651
422.45,2.9369165581725647,364.06461861290006,5.983421901108437
422.66,2.9354573415984477,363.8940439571396,5.971385505406115
422.86,2.93406895899352,363.732906790196,5.959956685170791
423.07,2.932612570023873,363.5651121693405,5.9479927606364065
423.27,2.931226876461833,363.40665812328683,5.936633341092936
423.47,2.9298424917939876,363.24953865442285,5.9253080490016545
423.68,2.928390294561933,363.0860180163536,5.913453415998033
423.88,2.9270085873360383,362.93168718994747,5.902198638022063
424.08,2.92562818336163,362.77874241532754,5.8909785239345505
424.29,2.924180159796366,362.6196606111714,5.87923490048945
424.49,2.922802421729605,362.4696100209704,5.86808638691187
424.7,2.921357193312927,362.31360436954753,5.856418321258514
424.9,2.919982113438456,362.1665189454235,5.845342123980304
425.1,2.918608327452364,362.02090571830985,5.834301459354239
425.31,2.9171672427170767,361.86961478737555,5.822747185631234
425.51,2.9157961034993307,361.72707244725,5.811779882001864
425.71,2.9144262526132816,361.5860539186512,5.80084861496402
425.92,2.912989293764087,361.4396430077332,5.789409747133302
426.12,2.9116220782878064,361.3018012838666,5.778552863001339
426.32,2.9102561456183147,361.16553509891713,5.767732508684158
426.53,2.9088232949616675,361.02416986914136,5.756410626391162
426.73,2.9074599864082673,360.8911866731887,5.745665655750346
426.93,2.9060979551682946,360.75983089091517,5.734957698244198
427.14,2.904669195111673,360.6236774754917,5.7237543494208
427.34,2.9033097767585527,360.4957112047733,5.713122756905679
427.55,2.9018837562858146,360.3631544584358,5.701999933317721
427.75,2.9005269433080065,360.238649523419,5.69144535529037
427.95,2.899171398527865,360.11585917038514,5.680928578721682
428.16,2.897749439461883,359.9887934023416,5.669926813382433
428.36,2.8963964889345406,359.8695716395152,5.659488003934571
428.56,2.8950448011946985,359.7521169044992,5.649087456914317
428.77,2.8936268862093892,359.63071007715,5.638208226182076
428.97,2.892277781663053,359.51693172770763,5.627886584120996
429.17,2.89092993452478,359.40497313510116,5.617603658677858
429.38,2.889516046392473,359.28939411793215,5.606848417204377
429.58,2.888170771451185,359.18122032719157,5.596645321570645
429.78,2.8868267485690353,359.07491934516116,5.586481390856234
429.99,2.885416870159771,358.96533804172833,5.57585157443607
430.19,2.8840754085404123,358.86293098130704,5.5657683872346455
430.39,2.882735193661563,358.76245014519236,5.55572480827191
430.6,2.8813293079424054,358.6590376240233,5.545221836746824
430.8,2.8799916434540385,358.56287090519675,5.535264864279622
431.,2.878655220417633,358.5181069131646,5.5261367463734405
431.21,2.877253310451984,358.4734171705145,5.516595950839994
431.41,2.8759194269952015,358.4330423971599,5.507550738152415
431.61,2.874586779731702,358.394786152299,5.498545403439401
431.82,2.8731888286786162,358.3568810503737,5.489132319617889
432.02,2.871858710244896,358.32292180587734,5.4802075912217285
432.22,2.8705298227754383,358.2910363220783,5.471321629617531
432.43,2.8691358138889536,358.25977248768436,5.462032698806666
432.63,2.8678094445600166,358.23209265409616,5.453225085913693
432.83,2.866484300995772,358.20644221902535,5.4444551482034385
433.04,2.8650942176242378,358.1816775780222,5.435286874391472
433.24,2.8637715815714153,358.16014223820525,5.42659306676916
433.44,2.862450166112957,358.1405923050341,5.417935861188995
433.65,2.861063991698374,358.1221859692645,5.408884807515669
433.85,2.859745073181975,358.10666129977517,5.400301550165781
434.05,2.85842737011865,358.0930783806089,5.3917538391277615
434.25,2.8571108808290155,358.0814229654606,5.383241331877978
434.46,2.855729871564701,358.07124370216354,5.374340714471161
434.66,2.854415865274007,358.0634952630477,5.365899311425619
434.86,2.8531030676539575,358.05763106432414,5.357492077996743
435.07,2.851725929160825,358.05348611180716,5.348700890609319
435.27,2.8504156041077953,358.0514404691997,5.340362657039005
435.47,2.8491064826509285,358.05123605987944,5.332057574029338
435.68,2.8477331986779286,358.05298768388167,5.323372553023822
435.88,2.8464265394145176,358.0565139024841,5.315134395564734
436.08,2.8451210787011556,358.0618385705672,5.306928383808565
436.29,2.8437516330880834,358.06934975199306,5.298346311022229
436.49,2.84244862425256,358.0783175438306,5.290205178706194
436.69,2.8411468089491403,358.08904119181216,5.282095200555384
436.89,2.839846185538694,358.10150676687323,5.274016054231907
437.1,2.838481811942347,358.1164551462422,5.265565782102066
437.3,2.8371836268008233,358.1324481917019,5.257548838823577
437.5,2.8358866285714286,358.15014077368187,5.24956175222868
437.71,2.834526056064518,358.17053193266696,5.241207097504418
437.91,2.8332314859217647,358.19166520988824,5.233280226789891
438.11,2.831938097738011,358.21445574844046,5.2253822490339505
438.32,2.830581310458113,358.24015429691354,5.217120125294555
438.52,2.829290340235337,358.26629895943563,5.209280398878014
438.72,2.8280005470459515,358.29405869170347,5.201468612355718
438.92,2.8267119292809624,358.323419673281,5.1936844554449175
439.13,2.8253601439209346,358.35595693132746,5.1855404887057714
439.33,2.8240739307582,358.38855728560225,5.17781200685238
439.53,2.8227888881305034,358.42271675997046,5.170110214588054
439.74,2.821440851412198,358.4602471013924,5.1620517223456
439.94,2.8201582033913715,358.4975596015068,5.154403687493965
440.14,2.818876721043304,358.5363891031231,5.146781411233706
440.34,2.81759640277967,358.57672179393717,5.139184590173595
440.55,2.8162533197139936,358.62067380977084,5.131234993225118
440.75,2.8149753828701076,358.66404484268264,5.123689410529516
440.95,2.813698605284046,358.7088769124265,5.116168363021311
441.15,2.8124229853791225,358.75515618671574,5.1086715507315414
441.36,2.811084828711256,358.80529183498396,5.100825653635671
441.56,2.80981157713561,358.8544946018351,5.093377589084398
441.76,2.808539478449837,358.90510233283106,5.085952849650145
441.97,2.8072050139149716,358.9597373664896,5.078181652060895
442.17,2.805935273763485,359.0131818996975,5.070803801750805
442.37,2.8046666817370074,359.06798905474557,5.063448373254154
442.57,2.803399236279007,359.1241449215758,5.056115071793533
442.78,2.8020696508424043,359.1845448956329,5.0484385976651325
442.98,2.8008045509955304,359.2434220695458,5.0411497378211925
443.18,2.7995405929870483,359.30360543055417,5.033882109906406
443.38,2.7982777752717762,359.36508100002794,5.026635421682511
443.59,2.7969530422236755,359.4310057703375,5.019048616272085
443.79,2.7956925572906104,359.495086582455,5.011843943247065
443.99,2.7944332079551337,359.56041684249095,5.004659322117405
444.19,2.793174992683311,359.6269824857409,4.9974944629045295
444.4,2.791855085508551,359.69819057637767,4.989992312776052
444.6,2.790599190283401,359.76724468321476,4.9828670611136445
444.8,2.7893444244604315,359.83749112356537,4.975760690064252
445.,2.7880907865168543,359.9089157292014,4.968672911650918
445.21,2.786775678893107,359.9851640315096,4.961250440046755
445.41,2.7855243483532024,360.0589594621867,4.954199878162182
445.61,2.7842741410650564,360.1338896661439,4.9471670333468305
445.81,2.7830250555169243,360.2099403542218,4.940151619388409
446.02,2.7817147213129454,360.29098382665796,4.932803881966722
446.22,2.780467930617184,360.3692866972037,4.92582330817472
446.42,2.7792222570673353,360.4486662645085,4.918859294718959
446.62,2.7779776991625993,360.52910810110217,4.911911556935786
446.83,2.776672112436497,360.6146994696802,4.904633637869981
447.03,2.7754298369236965,360.6972736978478,4.897718376756603
447.23,2.774188672495136,360.780865959618,4.890818525214184
447.43,2.772948617660863,360.86546167185077,4.883933799932495
447.64,2.7716477526583865,360.9553511310133,4.87672080836976
447.84,2.7704099678456595,361.04195815149313,4.869866207506115
448.04,2.769173288099277,361.12952388550997,4.863025870656851
448.24,2.767937711940032,361.2180335769142,4.856199515690704
448.45,2.766641543092876,361.3119684907388,4.8490465825687625
448.65,2.765408224674022,361.40236697065285,4.84224800956542
448.85,2.7641760053469975,361.49366411692307,4.835462559553811
449.05,2.7629448836432466,361.5858449830623,4.828689951427968
449.26,2.7616533855673775,361.68356958672774,4.821592226649601
449.46,2.7604245094112936,361.77751514138004,4.814845066552259
449.66,2.7591967264155137,361.8722985179402,4.80810989236742
449.86,2.757970035122038,361.9679045622752,4.80138642388173
450.06,2.7567444340754563,362.0643180663175,4.7946743810841514
450.27,2.7554587247651408,362.16640457266675,4.787638726875957
450.47,2.7542353541856284,362.26442559165724,4.780949232174556
450.67,2.7530130694299597,362.3632073416939,4.774270310311878
450.87,2.751791869053164,362.4627343855089,4.767601682033525
451.08,2.750510774142059,362.5680229470265,4.760610395446164
451.28,2.7492917922354194,362.6271053785976,4.753073417177405
451.48,2.748073890316293,362.6565664807691,4.744906938433704
451.68,2.746857066950053,362.6866223069973,4.736752434309429
451.88,2.7456413207046118,362.71729699368984,4.728610487479334
452.09,2.744365944833993,362.75019798942697,4.720075593349185
452.29,2.7431524022198146,362.7822172420941,4.711961201810574
452.49,2.741939932374196,362.8149296287438,4.703861131972227
452.69,2.7407285338752794,362.84835972396445,4.695775958215671
452.89,2.739518205303716,362.8825322157012,4.6877062529282645
453.1,2.738248510262635,362.91923947734614,4.6792503344322025
453.3,2.7370403706154867,362.95501155171314,4.67121412064118
453.5,2.7358332965821393,362.9916020416941,4.663195109031396
453.7,2.734627286753361,363.02903611462546,4.655193864162339
453.9,2.733422339722406,363.06733906112066,4.647210948727348
454.11,2.7321582876395585,363.10852009149477,4.638849228230522
454.31,2.730955514956748,363.14868382399686,4.630905639532483
454.51,2.729753800796462,363.1897943475444,4.622982085259188
454.71,2.728553143761958,363.23187747132806,4.615079120848248
454.91,2.727353542458948,363.27495913726136,4.607197300025695
455.12,2.7260950957989105,363.321298101867,4.598944747970678
455.32,2.7248976543969077,363.3665084499189,4.591107995547607
455.52,2.723701264488936,363.41279730149097,4.583294065362593
455.72,2.7225059246905996,363.46019115444625,4.575503504565891
455.92,2.721311633619933,363.5087166483944,4.567736858777493
456.13,2.720058755179444,363.5609156533687,4.55960821458636
456.33,2.7188666096903558,363.61184490092427,4.551892294060683
456.53,2.71767550872889,363.66398793377573,4.544201943645418
456.73,2.716485450922865,363.7173719832766,4.536537703174246
456.93,2.7152964349025015,363.77202443119234,4.5289001111592455
457.14,2.714049087806799,363.8308047445894,4.520909907763326
457.34,2.7128622031748812,363.88814365520983,4.513328623267789
457.54,2.711676356165581,363.9468354249729,4.505775621997099
457.74,2.710491545418796,364.00690806184474,4.498251437578326
457.94,2.7093077695768004,364.06838973256407,4.490756602553549
458.14,2.708125027284236,364.131308764273,4.483291648430059
458.35,2.706884258754227,364.1989518820462,4.475486186400142
458.55,2.705703631010795,364.26490674707514,4.468084145656786
458.75,2.704524032697548,364.3323863783205,4.4607136010611885
458.95,2.7033454624686786,364.40141976900395,4.453375080467166
459.15,2.7021679189807255,364.47203608083987,4.446069110965025
459.36,2.7009326018808775,364.547918923976,4.438433452054297
459.56,2.6997571590216727,364.62187211050644,4.43119585719073
459.76,2.6985827388202543,364.69749821846904,4.423992416930562
459.96,2.697409339942604,364.7748271080769,4.4168236558698455
460.16,2.6962369610570236,364.85388881596833,4.409690098142586
460.36,2.6950656008341296,364.934713556757,4.4025922674840725
460.57,2.69383676748377,365.021510258111,4.395178569245587
460.77,2.692667491373136,365.10604443420317,4.3881556150684835
460.97,2.691499229884808,365.19243491314705,4.381169983568865
461.17,2.6903319816987223,365.2807126462263,4.3742221975412425
461.37,2.6891657454971067,365.3709087705274,4.367312779720839
461.57,2.6880005199644694,365.46305461047325,4.360442252854549
461.77,2.6868363037876004,365.55718167937056,4.353611139773499
461.98,2.6856149616866527,365.65818209181845,4.346481462375825
462.18,2.6844528105932755,365.75647000392064,4.3397327828051315
462.38,2.683291664864397,365.856836443171,4.333025112948711
462.58,2.6821315231959875,365.95931370361524,4.326358976747213
462.78,2.68097238428627,366.06393427596964,4.319734898612039
462.98,2.679814246835716,366.17073084916456,4.313153403506149
463.19,2.678599278913621,366.28524516107024,4.306289238741221
463.39,2.677443190401174,366.39660557455795,4.2997966827783936
463.59,2.6762880993981755,366.5102429304436,4.29334831525111
463.79,2.675134004614157,366.6261907362676,4.286944664212238
463.99,2.673980904760878,366.7444827056199,4.280586258696611
464.19,2.6728287985523167,366.8651527596974,4.2742736288107475
464.39,2.6716776847046666,366.9882350288672,4.2680073058242245
464.6,2.670470081790788,367.12010513649636,4.261478087189879
464.8,2.6693209982788293,367.2482400378069,4.255308359634246
465.,2.6681729032258064,367.37889256002194,4.249186567508474
465.2,2.6670257953568357,367.51209769670095,4.243113247759817
465.4,2.6658796733992265,367.64789065852045,4.2370889389846225
465.6,2.6647345360824737,367.78630687485986,4.231114181529628
465.8,2.6635903821382563,367.9273819953909,4.225189517594976
466.01,2.6623900774661484,368.0784117708439,4.21902312905407
466.21,2.66124793547972,368.22505003297147,4.2132028602718545
466.41,2.6601067730108703,368.3744573079499,4.207434351266517
466.61,2.6589665888000686,368.52667015396815,4.201718152834827
466.81,2.6578273815899403,368.68172535759624,4.196054818174732
467.01,2.656689150125265,368.8396599353968,4.190444902999418
467.21,2.655551893152972,369.0005111355408,4.184888965653415
467.41,2.6544156094221343,369.16431643943076,4.179387567230594
467.62,2.653223557589496,369.3395326345587,4.173670413524879
467.82,2.6520892651019623,369.5095120203477,4.168282586259687
468.02,2.6509559420537587,369.682561285539,4.162951027493601
468.22,2.649823587202597,369.8587188727415,4.15767631070429
468.42,2.6486921993083126,370.03802346601714,4.152459012746228
468.62,2.6475617771328577,370.2205139925135,4.147299713981402
468.82,2.6464323194402968,370.4062296240948,4.142198998412246
469.02,2.6453038249968017,370.59520977897967,4.137157453816917
469.22,2.644176292570649,370.78749412337,4.1321756718868
469.43,2.6429934175489422,370.9929924977618,4.127009772341912
469.63,2.6418678534165196,371.1921754924079,4.122152370914585
469.83,2.640743247557628,371.39478520705586,4.117356562447985
470.03,2.6396195987490163,371.6008623289109,4.1126229559382
470.23,2.638496905769517,371.81044780137836,4.1079521650262345
470.43,2.6373751674000383,372.02358282566854,4.103344808150491
470.63,2.63625438242356,372.2403088624129,4.0988015087020315
470.83,2.6351345496251297,372.46066763325274,4.0943228951824056
471.03,2.634015667791861,372.68470112243284,4.089909601364334
471.24,2.632841864018334,372.9239374330158,4.085346642672988
471.44,2.6317249278805366,373.1556364647349,4.081069258695853
471.64,2.6306089390212875,373.3911399049866,4.076859161697869
471.84,2.629493896236012,373.6829356784079,4.073190753626111
472.04,2.6283797983221757,374.04221103647285,4.070164924033339
472.24,2.6272666440792816,374.406089755359,4.067213870872794
472.44,2.6261544323088644,374.7745682731785,4.06433791786262
472.64,2.6250431618144887,375.14764301068686,4.061537394812701
472.84,2.623932831401743,375.5253103635709,4.058812637641798
473.04,2.6228234398782346,375.90756669457494,4.0561639883947125
473.25,2.621659587955626,376.3138707045036,4.053465198905732
473.45,2.6205521174358433,376.7055228876523,4.050973666167362
473.65,2.6194455821809353,377.10175266739566,4.048559322606502
473.85,2.618339981006647,377.5025561891275,4.046222535256815
474.05,2.617235312730725,377.907929522951,4.043963677366219
474.25,2.6161315761729047,378.3178686547527,4.0417831284145125
474.45,2.615028770154916,378.7323694770669,4.039681274130722
474.65,2.613926893500474,379.151427779747,4.037658506510474
474.85,2.612825945035274,379.57503924043294,4.035715223833271
475.05,2.611725923586991,380.0031994147939,4.033851830679423
475.25,2.610626827985271,380.43590372657223,4.032068737947003
475.45,2.6095286570617313,380.87314745738223,4.030366362868402
475.66,2.6083765715006515,381.3371335925485,4.028666204977076
475.86,2.607280292523011,381.7836677258951,4.027130632281741
476.06,2.6061849346721,382.23472589976893,4.025677089089262
476.26,2.605090496787469,382.69030271108807,4.024306018449338
476.46,2.603996977710616,383.15039255951064,4.023017869824649
476.66,2.602904376284983,383.6149896357414,4.021813099105104
476.86,2.6018126913559536,384.08408790956594,4.0206921686214905
477.06,2.6007219217708464,384.5576811176047,4.0196555471585755
477.26,2.5996320663789128,385.0357627507798,4.018703709967501
477.46,2.598543124031333,385.51832604148325,4.017837138777466
477.66,2.5974550935812086,386.0053639504445,4.017056321806657
477.86,2.596367973883564,386.49686915328795,4.016361753772385
478.06,2.5952817637953394,386.9928340267615,4.015753935900179
478.26,2.5941964621753857,387.4932506346497,4.015233375932127
478.46,2.593112067884463,387.9981107133394,4.014800588134035
478.67,2.591974429147429,388.53298666022056,4.014441195681429
478.87,2.5908918913275003,389.0469285590377,4.014189976119571
479.07,2.5898102573736614,389.56528654701617,4.014028137587981
479.27,2.58872952615436,390.08805087973417,4.013956220823755
479.47,2.587649696539929,390.61521140702126,4.0139747731059545
479.67,2.5865707674025895,391.14675755629946,4.014084348255141
479.87,2.585492737616437,391.682678315509,4.014285506631252
480.07,2.5844156060574495,392.2229622156279,4.014578815129871
480.27,2.5833393716034734,392.76759731277065,4.014964847176779
480.47,2.582264033134223,393.31657116983945,4.015444182720604
480.67,2.581189589531279,393.86987083774716,4.016017408223575
480.87,2.5801160396780833,394.42748283617203,4.016685116650303
481.07,2.579043382459933,394.98939313384847,4.017447907454288
481.27,2.577971616763979,395.5555871283791,4.018306386562284
481.47,2.5769007414792195,396.1260496255585,4.019261166356279
481.67,2.575830755496502,396.7007648181905,4.020312865652989
481.87,2.5747616577085104,397.279716264394,4.02146210968074
482.07,2.57369344700977,397.86288686538165,4.0227095300536515
482.27,2.572626122296639,398.4502588426979,4.024055764742953
482.47,2.5715596824673037,399.04181371490745,4.025501458045346
482.67,2.570494126421779,399.63753227371694,4.027047260548184
482.87,2.569429453061901,400.23739455951846,4.028693829091433
483.07,2.5683656612913244,400.8413798363447,4.030441826726194
483.28,2.567249627545108,401.479978168255,4.032387119635344
483.48,2.5661876396128074,402.09234733690823,4.034345145740799
483.68,2.5651265299371486,402.7087711868779,4.0364066611168665
483.88,2.564066297429114,403.32922556910313,4.038572353469512
484.08,2.5630069410014875,403.9536854221441,4.04084291644854
484.28,2.5619484595688444,404.5821247432604,4.043219049581958
484.48,2.5608908520475557,405.21451655879406,4.045701458205762
484.68,2.559834117355781,405.85083289385176,4.0482908533889255
484.88,2.5587782544134634,406.49104474125636,4.05098795185331
485.08,2.5577232621423267,407.13512202976955,4.053793475888449
485.28,2.5566691394658756,407.78303359155666,4.056708153260855
485.48,2.5556158853093844,408.4347471288795,4.059732717117625
485.68,2.5545634985999013,409.090229180011,4.062867905884279
485.88,2.553511978266238,409.7494450843429,4.066114463156348
486.08,2.552461323238973,410.41235894668114,4.069473137584745
486.28,2.55141153245044,411.0789336006974,4.072944682754378
486.48,2.550362604834731,411.7491305715413,4.07652985705599
486.68,2.5493145393276895,412.4229100375794,4.080229423550845
486.88,2.5482673348669076,413.1002307912505,4.084044149827982
487.08,2.5472209903917227,413.7810501990195,4.087974807853759
487.28,2.5461755048432115,414.46532416041333,4.092022173813445
487.48,2.545130877164192,415.1530070661247,4.096187027944491
487.68,2.5440871062992128,415.8440517551567,4.100470154361189
487.88,2.5430441911945563,416.5384094710069,4.104872340870443
488.08,2.54200213079823,417.2360298168547,4.109394378778233
488.28,2.5409609240599655,417.93686070975434,4.114037062686486
488.48,2.539920569931215,418.6408483338024,4.1188011902801005
488.68,2.538881067365147,419.34793709226693,4.123687562103487
488.88,2.5378424153166423,420.05806955866444,4.128696981326575
489.08,2.536804612742291,420.77118642676425,4.1338302534996885
489.28,2.5357676586003923,421.48722645950545,4.139088186297005
489.48,2.5347315518509435,422.2061264368047,4.1444715892480835
489.68,2.5336962914556445,422.92782110225215,4.149981273457225
489.88,2.5326618763778885,423.65224310866404,4.155618051310047
490.08,2.5316283055827618,424.37932296248187,4.161382736166952
490.28,2.53059557803704,425.10898896701326,4.167276142043019
490.48,2.529563692709183,425.8411671644752,4.173299083273792
490.68,2.5285326485693327,426.5757812765069,4.1794523741666305
490.88,2.5275024445893086,427.3127526452089,4.185736828636963
491.08,2.5264730797426083,428.05200016946304,4.19215325982908
491.28,2.5254445530043967,428.7934402435168,4.198702479720906
491.48,2.5244168633515094,429.53698669256494,4.205385298712184
491.68,2.5233900097624473,430.28255070742165,4.212202525195647
491.88,2.5223639912173703,431.0300407779222,4.219154965110509
492.08,2.521338806698098,431.779362625043,4.226243421477782
492.28,2.520314455188104,432.53041913173155,4.233468693916826
492.48,2.5192909356725144,433.2831102724385,4.240831578142599
492.68,2.518268247138102,434.03733304134414,4.248332865442791
492.88,2.5172463885732834,434.7929813792816,4.255973342134663
493.08,2.5162253589681187,435.54994609933647,4.2637537890004245
493.28,2.5152051573143046,436.30811481113653,4.271674980700961
493.48,2.5141857826051712,437.06737184382223,4.279737685167045
493.67,2.5132181416735873,437.7895657073149,4.287529023434066
493.87,2.5122003766173284,438.55059947565707,4.295869858083621
494.07,2.5111834355455707,439.3123604635628,4.304354425495847
494.27,2.51016731745807,440.0747192636706,4.312983460607378
494.47,2.5091520213561997,440.8375427874971,4.321757688257266
494.67,2.5081375462429496,441.6006941806301,4.3306778224303235
494.87,2.5071238911229212,442.364032736655,4.339744565473245
495.07,2.5061110550023233,443.12741380981015,4.3489586072826265
495.27,2.5050990368889696,443.8906887264086,4.358320624464299
495.47,2.504087835792278,444.6537046950285,4.367831279463006
495.67,2.5030774507232634,445.4163047155074,4.377491219661814
495.87,2.502067880694537,446.1783274867636,4.387301076450519
496.07,2.501059124720302,446.93960731347113,4.397261464262127
496.27,2.50005118181635,447.69997401162595,4.407372979576733
496.47,2.4990440510000607,448.47392351202757,4.4206115808993305
496.67,2.4980377312903936,449.245103189469,4.434174029755048
496.87,2.497032221707891,450.012404504302,4.447900537770338
497.07,2.49602752127467,450.7755579835501,4.461790159929059
497.27,2.495023629014419,451.53428981703644,4.475841900160136
497.47,2.494020543952399,452.2883218585623,4.490054709920531
497.67,2.493018265115438,453.03737163042774,4.5044274867702745
497.87,2.4920167915319262,453.78115233143876,4.5189590729405085
498.06,2.4910661366100464,454.48259842007315,4.532910071380419
498.26,2.490066230482078,455.2152632055727,4.547747789416738
498.46,2.4890671267503914,455.94178779678043,4.562740565153725
498.66,2.488068824449525,456.66186846575164,4.577887008180505
498.86,2.4870713226155634,457.3751972573065,4.593185665609504
499.06,2.486074620286138,458.08146202102523,4.608635020630286
499.26,2.4850787165004204,458.7803464478257,4.624233491066141
499.46,2.4840836102991237,459.47153011130627,4.639979427935269
499.66,2.483089300724493,460.15468851400226,4.655871114018334
499.86,2.4820957868203095,460.82949313874815,4.671906762434403
500.06,2.4811030676318837,461.4956115052796,4.688084515227061
500.26,2.4801111422060527,462.1527072322723,4.704402441962843
500.46,2.479120009591176,462.800440104961,4.720858538344166
500.66,2.478129668837135,463.4384661485207,4.7374507248389435
500.86,2.477140118995328,464.0664377073602,4.75417684532919
501.05,2.4762007783654325,464.6533778381236,4.770188682271136
501.25,2.4752127680798,465.2607296737545,4.787169476270975
501.45,2.474225545916841,465.85698084576376,4.8042773848385085
501.65,2.473239110933918,466.4417700549404,4.82150993658116
501.85,2.4722534621898973,467.0147328064423,4.8388645771958165
502.05,2.4712685987451444,467.5755015275735,4.856338668283075
502.25,2.470284519661523,468.12370569254796,4.873929486198863
502.45,2.4693012240023884,468.65897195438475,4.891634220946572
502.65,2.468318710832587,469.18092428404407,4.909449975112486
502.85,2.4673369792184547,469.6891841169599,4.927373762847933
503.05,2.46635602822781,470.1833705070586,4.945402508901008
503.24,2.4654248469914952,470.63946308267725,4.962624153088326
503.44,2.464445415541077,471.1051023085965,4.9808483798532865
503.64,2.4634667619728376,471.5555320155973,4.999167963526522
503.84,2.462488885360432,471.99036350539564,5.017579467323726
504.04,2.4615117847789856,472.4092065745288,5.036079361110418
504.24,2.460535459305093,472.81166971498664,5.054664020798991
504.44,2.4595599080168107,473.1973603229065,5.073329727819173
504.64,2.458585129993659,473.56588491538145,5.092072668665533
504.84,2.457611124316615,473.9168493554117,5.110888934525628
505.04,2.456637890068113,474.2498590849988,5.1297745209924015
505.24,2.4556654263320405,474.56451936639843,5.148725327864543
505.43,2.454742298636804,474.84609098558326,5.166785184021767
505.63,2.4537713347704844,475.1238349737294,5.185851014278567
505.83,2.4528011387224957,475.382066425245,5.2049694106335815
506.03,2.4518317095824362,475.6203924078544,5.224135894370892
506.23,2.450863046441341,475.83842112248254,5.2433458914087385
506.43,2.449895148391683,476.0357621920213,5.262594732696696
506.63,2.448928014527367,476.2120269577595,5.281877654725596
506.83,2.447961643943729,476.3668287833251,5.301189800153071
507.03,2.4469960357375307,476.4997833659901,5.320526218548374
507.22,2.4460794132723476,476.6055065655167,5.338913706990939
507.42,2.445115289109613,476.6947640101245,5.358282870640036
507.62,2.4441519246680588,476.7610572090633,5.377661170054336
507.82,2.4431893190500573,476.8040142566615,5.397043296798048
508.02,2.4422274713593954,476.8232672229851,5.416423854891232
508.22,2.441266380701271,476.81845250426034,5.435797362324432
508.42,2.44030604618229,476.78921117889513,5.455158252711685
508.62,2.439346466910463,476.7351893687374,5.474500877084115
508.81,2.4384355653387315,476.6605982705922,5.492854233635727
509.01,2.437477456238581,476.5572574927274,5.512144687887358
509.21,2.4365200997623773,476.4281252141941,5.531399749805916
509.41,2.4355634950236547,476.2728710988671,5.550613464540061
509.61,2.43460764113734,476.0911717060322,5.569779805661669
509.81,2.433652537219748,475.88271087435834,5.588892677827964
510.01,2.4326981823885805,475.6471801080258,5.607945919592444
510.21,2.431744575762921,475.38427896449645,5.626933306365216
510.4,2.4308393416927903,475.10890500902383,5.644904602153711
510.6,2.4298871915393647,474.7917998031507,5.663745443792392
510.8,2.4289357870007833,474.4464885748916,5.682501730597156
511.,2.4279851272015653,474.0727064955358,5.701167020384329
511.2,2.4270352112676057,473.67019871340983,5.719734824661945
511.4,2.4260860383261633,473.2387207391116,5.738198612463594
511.6,2.425137607505864,472.7780388280835,5.75655181432367
511.79,2.4242372848238536,472.31313797064485,5.773878911345772
511.99,2.423290298638645,471.7948785401721,5.791997448795678
512.19,2.4223440520119484,471.24679185450253,5.8099858362552785
512.39,2.4213985440777535,470.66869027609755,5.827837393694026
512.59,2.4204537739714,470.06039874272665,5.845545424238934
512.79,2.4195097408295796,469.4217551194685,5.863103218923861
512.99,2.4185664437903274,468.7526105429891,5.880504061554315
513.18,2.4176709926341635,468.08854833676446,5.896883365946589
513.38,2.4167291285207835,467.3595505593341,5.913958830650143
513.58,2.415787997974999,466.599693189946,5.930857536720653
513.78,2.4148476001401376,465.80888297891136,5.947572789022782
513.98,2.413907934160862,464.9870415129763,5.964097910779618
514.18,2.4129689991831653,464.13410549808884,5.980426249001688
514.37,2.41207768726792,463.29497114793924,5.9957498662295565
514.57,2.411140175291991,462.38127722274896,6.0116754568138795
514.77,2.4102033918060495,461.436392648509,6.02738482929624
514.97,2.409267335961318,460.46031635504255,6.042871478982704
515.17,2.4083320069103404,459.45306358652493,6.058128952726667
515.37,2.4073974038069736,458.41466609681913,6.073150854657686
515.56,2.406510202498255,457.3993846135761,6.087197694295627
515.76,2.4055770125639837,456.30040959274146,6.101742078925046
515.96,2.404644546088844,455.17048134511543,6.1160324129262165
516.16,2.4037128022318663,454.0096984087523,6.1300625829157225
516.36,2.4027817801533815,452.8181765361448,6.143826561243116
516.56,2.401851479015023,451.59604877985663,6.1573184116914765
516.75,2.400968359941945,450.40681551611044,6.169878291667374
516.95,2.4000394622303896,449.12545478373613,6.182822791455404
517.15,2.3991112829933288,447.81398199923314,6.195478238409845
517.35,2.3981838213975064,446.472598990178,6.207839112280922
517.55,2.397257076610956,445.1015250032255,6.219900011677614
517.75,2.3963310478029936,443.70099666431776,6.231655659375674
517.94,2.395451982855157,442.34344374728715,6.242536095055989
518.14,2.394527347821052,440.8862255246437,6.253681817847298
518.34,2.3936034263224912,439.400351554889,6.264507494058412
518.54,2.392680217533845,437.8861262949176,6.27500838668105
518.74,2.391757720630759,436.3438710579784,6.285179907440565
518.93,2.390882007207138,434.8530734811169,6.2945337302428355
519.13,2.3899608961146535,433.2571469776721,6.304050363283328
519.33,2.389040494483276,431.6342348259065,6.313224998577128
519.53,2.388120801493658,429.9847230307557,6.322053678227145
519.73,2.3872018163277082,428.30901338908154,6.330532613924933
519.92,2.3863294352977387,426.6932033911989,6.3382603578611425
520.12,2.385411828039683,424.96762209617503,6.346047055968882
520.32,2.384494926199262,423.2171174843879,6.3534738569576605
520.52,2.3835787289633448,421.44215080610195,6.360537676242713
520.72,2.382663235520049,419.64319752409745,6.367235614920969
520.91,2.3817941678984855,417.91241981951237,6.373257288716317
521.11,2.3808800445203504,416.0681122507638,6.3792341373861285
521.31,2.379966622547045,414.2034471721739,6.384606410183341
521.51,2.3790539011715977,412.3779974604371,6.383535348206065
521.71,2.3781418795882767,410.53992270630016,6.382141873733431
521.9,2.377276106533819,408.78247852561697,6.380521644707414
522.1,2.376365447232331,406.9211129226407,6.378506524125307
522.3,2.3754554853532457,405.0484824141321,6.37617641427173
522.5,2.374546220095694,403.165045700136,6.373534014003951
522.7,2.3736376506600343,401.27125985325597,6.370582109879928
522.89,2.3727751534739623,399.46299203293216,6.367493737340346
523.09,2.3718679385956527,397.5503326893705,6.363946634018992
523.29,2.3709614171874107,395.62866069298025,6.36009873009022
523.49,2.3700555884544117,393.6984242743552,6.355953129868567
523.69,2.3691504516030473,391.7600688449035,6.351513010747704
523.88,2.3682912117278763,389.91151390623855,6.347025056515229
524.08,2.3673874217676687,387.9585958104055,6.342020027180109
524.28,2.3664843213550015,385.9988541416984,6.336730249102656
524.48,2.3655819097010373,384.0327210728193,6.331159158892288
524.67,2.364725255875122,382.1593647901238,6.325609240271648
524.87,2.3638241850362944,380.18199677863794,6.319499693489664
525.07,2.3629238006361053,378.1994891419358,6.3131193000274015
525.27,2.3620241018904564,376.21225778066156,6.3064717087287505
525.46,2.3611700224565144,374.32038735593545,6.299912370123104
525.66,2.3602716584864742,372.3251235997866,6.292754410893908
525.86,2.359373977864831,370.32633593427244,6.285340276796476
526.06,2.3584769798121887,368.32442139927986,6.277673782654206
526.26,2.3575806635503365,366.31977190304974,6.269758778136885
526.45,2.356729793902555,364.41317384773515,6.262012876250772
526.65,2.3558348048988895,362.40429836855793,6.253624467801918
526.85,2.3549404953971718,360.39381294773966,6.244999081389997
527.05,2.35404686462385,358.38208802676996,6.236140676905405
527.24,2.3531985433578635,356.4701335398314,6.2275129854167295
527.44,2.3523062338844225,354.4570353972902,6.218211663027395
527.64,2.351414600864226,352.4437569860188,6.208689117462036
527.84,2.350523643528342,350.43064570372184,6.198949376887458
528.03,2.3496778592125453,348.5186557777848,6.189499125247603
528.23,2.3487882172538477,346.5068466942771,6.1793474797080625
528.43,2.3478992487179,344.49619416961445,6.168990576831851
528.63,2.3470109528403613,342.487021409462,6.158432473941013
528.82,2.3461676941114176,340.57996667080414,6.148219611555824
529.02,2.3452807077237154,338.5745853354919,6.137280842359184
529.22,2.3443943917463437,336.57160061051474,6.126152842820047
529.42,2.343508745419516,334.5713107654891,6.114839663502125
529.61,2.342668000981855,332.6737974696611,6.103924303407832
529.81,2.3417836582925955,330.67959633938085,6.09226164563331
530.01,2.340899983019188,328.68893271714364,6.080425708866258
530.21,2.340016974406367,326.7020795659762,6.068420504472415
530.4,2.339178733031674,324.81834136104635,6.05686241661056
530.6,2.338297022238975,322.83967941169067,6.044538620989186
530.8,2.337415975885456,320.86559576094766,6.032057299267184
531.,2.336535593220339,318.8963380329255,6.019422394803142
531.19,2.335699843747058,317.03023299974143,6.0072805520211725
531.39,2.3348207531191782,315.0710738950296,5.994357421055846
531.59,2.3339423239714816,313.1174340992513,5.981292210063177
531.78,2.3331084282974164,311.26679132861784,5.968752165138001
531.98,2.3322312868904844,309.3245485892595,5.955420947625917
532.18,2.3313548047653048,307.38846368224586,5.941958929049014
532.38,2.330478981178857,305.4587407680406,5.928369875887053
532.57,2.329647558067484,303.63157721475727,5.915346012426506
532.77,2.3287730164986766,301.7148241533143,5.901519957331022
532.97,2.3278991312831865,299.80499970791004,5.887577794783824
533.16,2.3270695476029712,297.9972482732118,5.874228509939883
533.36,2.3261969401529923,296.10144739501015,5.860070370287536
533.56,2.325324986880576,294.21308956107123,5.845806754186683
533.76,2.32445368705036,292.3323375734909,5.8314411938142205
533.95,2.323626556793707,290.5528112025364,5.81770266888695
534.15,2.3227565290648693,288.6873371265576,5.803148333386005
534.35,2.3218871526153273,286.82991586704094,5.788502251376697
534.55,2.321018426714059,284.98068787733314,5.773767802054123
534.74,2.3201937390133525,283.23163329832397,5.759691266450342
534.94,2.3193262795827567,281.39876546887535,5.744794066734858
535.14,2.318459468550286,279.5744735890914,5.729818230757632
535.33,2.3176365979862887,277.8494484397514,5.715521279741732
535.53,2.316771049240939,276.04221790351494,5.700401315515014
535.73,2.3159061467530284,274.243900247192,5.685212080913005
535.92,2.315085087326467,272.5438489841387,5.670720961316951
536.12,2.3142214429605312,270.76320662448177,5.655405497642592
536.32,2.3133584427207636,268.99177037726224,5.6400297538595225
536.52,2.312496085886826,267.2296301008381,5.62459669088239
536.71,2.3116774421941084,265.56428485346873,5.609884846197406
536.91,2.310816337933732,263.82051247861176,5.594348359416684
537.11,2.3099558749604365,262.0862741355699,5.57876302974493
537.3,2.309139028475712,260.4476440681264,5.563914263201542
537.5,2.3082798139534884,258.732199682237,5.548241660300872
537.7,2.3074212386088897,257.0264887385462,5.5325283023809275
537.89,2.306606183420402,255.4151329240899,5.517565280128
538.09,2.305748852422457,253.72856877495593,5.501780040509927
538.29,2.304892158501923,252.05190103577786,5.485961744198785
538.48,2.304078888723815,250.46827641700278,5.470906040913078
538.68,2.3032234350634884,248.81103940226654,5.455030495464681
538.88,2.3023686163895487,247.1638275317606,5.439129203238844
539.08,2.3015144319952507,245.52667706391495,5.42320455452651
539.27,2.3007035436794183,243.98073328257252,5.408056641730553
539.47,2.2998505941016183,242.36329329308384,5.392093156048521
539.67,2.2989982767246655,240.75600103203942,5.376113108959274
539.86,2.2981891601526323,239.2384932850491,5.360918744201829
540.06,2.297338073547384,237.65105094989536,5.344912740318548
540.26,2.296487617073261,236.0738135153499,5.328896591777466
540.45,2.2956802664446294,234.58490224229652,5.3136737587083
540.65,2.2948310367150655,233.0275993926262,5.297643802270567
540.85,2.2939824350559306,231.4805315642169,5.281609746530633
541.04,2.293176844595594,230.020301386949,5.266375388097319
541.24,2.292329465671421,228.49320205902418,5.2503389568837635
541.44,2.291482712765957,226.97634286624023,5.2343041085326005
541.63,2.290678876723963,225.5448083183969,5.219074149949207
541.83,2.28983334256132,224.04790472312868,5.203047659155506
542.03,2.288988432374592,222.56122334911112,5.187028079473363
542.22,2.2881863450260043,221.1583344216095,5.171817454197073
542.42,2.2873426496073153,219.69155271326431,5.155816284706808
542.62,2.2864995761306255,218.23495419105083,5.139827010829907
542.81,2.285699231775391,216.86060167462472,5.124649689039936
543.01,2.2848573691092247,215.42380750033058,5.10868821816286
543.21,2.284016126359971,213.99713818464343,5.092743294547675
543.4,2.2832175193227826,212.65115879471225,5.077612313660206
543.6,2.2823774834437085,211.24416261061094,5.061703947860571
543.79,2.281580021699553,209.9168245555687,5.046610316448315
543.99,2.280741190095406,208.52939668529174,5.030743956377768
544.19,2.279902975063856,207.15195882901116,5.014901165556559
544.38,2.279107241265293,205.85261627550216,4.999873556203689
544.58,2.2782702265966432,204.49456315658247,4.984080516993811
544.78,2.27743382649877,203.146398669145,4.968314869929385
544.97,2.27663981503569,201.87476764774416,4.953363997563823
545.17,2.2758046114056167,200.5457769026819,4.937655272195835
545.37,2.274970020353155,199.22656009595372,4.921977472786345
545.56,2.27417772563971,197.98231932534296,4.907113242193896
545.76,2.273344327176781,196.6820407262584,4.891498983009038
545.96,2.272511539306909,195.39140949472025,4.8759189069977475
546.15,2.2717209557813787,194.17420439770424,4.861150447802161
546.35,2.270889356639517,192.90225400954293,4.845640003388718
546.54,2.270099901196619,191.70271077137704,4.830939500868477
546.74,2.2692694882393822,190.44926036579372,4.8155024370402435
546.94,2.2684396825977253,189.20522443668509,4.800104389151883
547.13,2.267651929157604,188.0320644041099,4.785513203966484
547.33,2.266823305866662,186.80624037513527,4.770193806266768
547.53,2.265995287929429,185.58967897804087,4.754916006544168
547.72,2.2652092309939382,184.4424767213765,4.740441376104215
547.92,2.2643823915900136,183.2438237202888,4.72524703353118
548.11,2.2635974530659904,182.11353627659608,4.710853104101818
548.31,2.26277178968102,180.93258362080755,4.695745153743768
548.51,2.2619467284096917,179.76062563856428,4.680682585221535
548.7,2.261163477310005,178.6555451905002,4.66641581683076
548.9,2.260339588267444,177.50096303655113,4.65144373121363
549.1,2.2595162993990168,176.35163511358763,4.637451090962933
549.29,2.2587347302881904,175.26478978382255,4.624810514247449
549.49,2.257912609874611,174.12828498815918,4.611533853421366
549.68,2.2571321496143213,173.05573697909836,4.5989490782041615
549.88,2.256311195169855,171.93420909590233,4.585731791356459
550.08,2.255490837696335,170.82030474042543,4.5725454293770005
550.27,2.254712050447962,169.76912148086268,4.560047312655366
550.47,2.2538928551964683,168.6699709818451,4.546922138992847
550.66,2.253115170885846,167.63273314143473,4.534482687650552
550.86,2.252297135388302,166.548187226209,4.52141981466843
551.06,2.251479693681269,165.47107252481797,4.50838930052671
551.25,2.250703673469388,164.45466052659415,4.496040527062649
551.45,2.2498873877958108,163.39192226315782,4.483073870601779
551.64,2.2491124646508593,162.38909574296827,4.470786220281031
551.84,2.2482973325601625,161.34058181503013,4.457884370762004
552.04,2.2474827911020943,160.29930313575005,4.445016103848516
552.23,2.2467095232059107,159.31675331187395,4.432822561648072
552.43,2.2458961316365875,158.28946730083857,4.420020422225027
552.62,2.2451239549781046,157.32013744979932,4.407890087771487
552.82,2.2443117108642956,156.30669015153765,4.395154875429932
553.02,2.243500054247586,155.3002797445243,4.38245427656117
553.21,2.2427295240505414,154.3506707343107,4.370420939837657
553.41,2.241919011221337,153.3578652420913,4.357788371898586
553.6,2.2411495664739887,152.42110733047718,4.34581998553203
553.8,2.240340195016252,151.44175180846185,4.333256111122145
554.,2.239531407942238,150.46923354163786,4.320727704491991
554.19,2.2387636009310885,149.55163702700543,4.308858710618997
554.39,2.2379559515864282,148.5923340284647,4.2963999032742946
554.58,2.2371892242778317,147.68721830554,4.284597289738571
554.78,2.236382710263528,146.74097540159994,4.272208619210952
554.97,2.2356170603816423,145.84819309005806,4.260472874313153
555.17,2.2348116793054382,144.91485520583828,4.248154831512749
555.37,2.2340068782973512,143.98807518715222,4.23587318383029
555.56,2.233242854057168,143.11367132617542,4.224239431026294
555.76,2.232439182380884,142.19956213461546,4.2120290689382385
555.95,2.231676229876787,141.33712217396584,4.200463223527064
556.15,2.2308736851568822,140.43552941040724,4.1883245282968495
556.34,2.2301118021353847,139.58490686280948,4.17682693292356
556.54,2.229310382003091,138.69567655325042,4.164760245045797
556.74,2.2285095376656967,137.81272639825116,4.152730603295602
556.93,2.2277492683102005,136.9797040515217,4.141336825138215
557.13,2.2269495449895,136.10888440337604,4.129379631826445
557.32,2.2261903394818057,135.28731349499947,4.118054800326061
557.52,2.2253917348256564,134.42847179680183,4.106170300308888
557.71,2.2246335909343564,133.61820771765727,4.0949146310605355
557.91,2.223836102597193,132.77119210312523,4.083103033727487
558.1,2.223079018097115,131.97209093183997,4.071916709308838
558.3,2.222282643739925,131.13675029090228,4.060178189995311
558.5,2.2214868397493284,130.30733846325862,4.04847720393008
558.69,2.2207313537024107,129.52485289445812,4.037396062646849
558.89,2.2199366601656854,128.70688901103583,4.025768358164002
559.08,2.219182227945911,127.93520812794023,4.0147568834507945
559.28,2.2183886425404094,127.1285432414995,4.003202556273374
559.47,2.21763526194434,126.36752599192523,3.9922608249441223
559.67,2.216842782353887,125.57201211037135,3.9807799413778238
559.86,2.2160904511842245,124.82151837290334,3.9699080028891633
560.06,2.2152990750990966,124.03700850763492,3.958500601052879
560.25,2.2145477911646587,123.29689913593091,3.947698478654856
560.45,2.213757516281559,122.52324734680198,3.936364569673113
560.65,2.212967805226077,121.75510754391843,3.925068345209809
560.84,2.2122181014192996,121.03044564779566,3.91437183068219
561.04,2.2114294880935406,120.27294522460097,3.9031490671541857
561.23,2.2106808260427986,119.55832261371536,3.8925223187910616
561.43,2.2098933081595216,118.81131844193152,3.8813729645074746
561.62,2.209145685694954,118.10659970177275,3.8708159221061966
561.82,2.2083592609732654,117.36994983476606,3.859739902279557
562.01,2.207612675931033,116.67500068864207,3.8492524841892095
562.21,2.2068273420963695,115.94856439286161,3.8382497019657738
562.4,2.2060817923186344,115.2632517304943,3.8278318060497365
562.6,2.205297547102737,114.54688951426368,3.8169021435058523
562.79,2.2045530304376415,113.87108141793554,3.806553648072731
562.99,2.203769871578536,113.16465505774171,3.7956969671785377
563.18,2.2030263858801806,112.49822082611517,3.785417731882299
563.38,2.2022443111221555,111.80159339049082,3.7746338754332136
563.57,2.201501854250581,111.14440356020307,3.764423742143179
563.77,2.200720861344165,110.45743943133385,3.7537125346602123
563.96,2.199979431165331,109.80936579647326,3.7435713283017615
564.16,2.199199517867272,109.13193068962474,3.7329325769012764
564.36,2.1984201573463746,108.45933060946552,3.722330902231689
564.55,2.1976802763262775,107.82480730007451,3.712293601501842
564.75,2.1969019920318726,107.16153566512888,3.7017640598966266
564.94,2.1961631323680386,106.53581205369126,3.691795176706586
565.14,2.195385922072407,105.88173800129103,3.681337535191324
565.33,2.1946480816514247,105.26469042502929,3.671436841199826
565.53,2.1938719431329905,104.61968447810662,3.6610508522209373
565.72,2.193135119847274,104.01119059592787,3.6512181055921604
565.92,2.1923600508905854,103.3751246738869,3.6409035077589564
566.11,2.1916242426383565,102.77506347592549,3.631138453854973
566.31,2.1908502410340627,102.14781090387599,3.6208949726555146
566.5,2.190115445719329,101.5560627195117,3.611197344704121
566.7,2.1893425092641605,100.93749823594345,3.6010246931955847
566.89,2.1886087247966977,100.35394474038785,3.5913942129343748
567.09,2.1878368512934454,99.74394450337566,3.5812920924087304
567.28,2.1871040755887745,99.16846872288858,3.571728470705886
567.48,2.1863332628462677,98.5669103148963,3.561696571331429
567.67,2.1856014938256383,97.99939663071994,3.552199508784137
567.87,2.184831739658725,97.40615906208956,3.542237510223841
568.06,2.1841009752490934,96.84649321315742,3.5328066977347916
568.26,2.183332277478619,96.26145692434645,3.5229142697418996
568.45,2.1826025156126305,95.7095260088423,3.513549389074645
568.64,2.1818732414181206,95.16132290262298,3.5042165111493975
568.84,2.1811061106813865,94.58826534731294,3.494426916380108
569.03,2.1803778359664694,94.04763178385181,3.4851594812440703
569.23,2.179611756232103,93.4824843483942,3.4754385963544103
569.42,2.1788844789434862,92.9493108064243,3.4662362653169505
569.62,2.178119448053088,92.39195891957365,3.4565837298548847
569.81,2.1773931661431005,91.86613723439338,3.447446156865975
570.01,2.1766291819441763,91.31646775147567,3.437861602881408
570.2,2.175903893370747,90.7978911120921,3.428788434999625
570.4,2.1751409537166904,90.25579231155257,3.419271487527449
570.59,2.1744166564433307,89.74435525699111,3.4102623653699067
570.79,2.173654759193399,89.2097168360924,3.4008126428945338
570.98,2.1729314511891835,88.70531525092726,3.391867201069664
571.18,2.1721705942084806,88.1780283206542,3.3824843159716553
571.37,2.1714482734480285,87.68055942980584,3.3736021834951684
571.57,2.1706884546074843,87.16051650902243,3.3642857424804844
571.76,2.1699671190709386,86.66987887187113,3.355466543175122
571.95,2.169246262785208,86.1825329324379,3.346677865886513
572.15,2.1684879839203006,85.67306738463573,3.337459500567178
572.34,2.1677681098647654,85.19240429229944,3.3287331882241267
572.54,2.1670108638697734,84.6899214905577,3.3195802668229986
572.73,2.166291970038238,84.21584309414574,3.3109159319653556
572.93,2.165535754804252,83.72024041155163,3.3018280445228965
573.12,2.1648178391959796,83.2526498690682,3.2932252957719874
573.32,2.1640626526198283,82.76382605240723,3.28420202838106
573.51,2.163345713239525,82.3026278225874,3.2756604707728916
573.71,2.162591553223754,81.82048298320069,3.266701405922329
573.9,2.1618755880815477,81.36558281659251,3.258220641227265
574.09,2.161160096848926,80.91371717976914,3.249769348428942
574.29,2.160407459645824,80.44132335037996,3.2409049851608303
574.48,2.1596929397019915,79.9956179798523,3.232513887652918
574.68,2.1589413238671957,79.52966054084993,3.223712674975873
574.87,2.158227773235688,79.09002435875269,3.2153813677091683
575.07,2.157477176691533,78.63040810193155,3.206642878036026
575.26,2.1567645934012445,78.19675128794884,3.198370953711079
575.46,2.1560150140756957,77.7433823232965,3.1896947572266567
575.65,2.1553033961608614,77.31561630405031,3.181481806558178
575.84,2.154592247846624,76.89068844407578,3.173297437847234
576.04,2.153844177487674,76.44643948655654,3.164713083461732
576.23,2.1531339916352845,76.02727297942195,3.1565870765954243
576.43,2.152386933365717,75.58904343504462,3.1480639384479754
576.62,2.1516777080226146,75.17555276084127,3.139995880276879
576.82,2.150931659789882,74.74325324583572,3.131533522839717
577.01,2.1502233930087864,74.33535409242145,3.1235229990655675
577.2,2.1495155925155927,73.9301488298441,3.1155403544970963
577.4,2.14877104260478,73.50650573943436,3.1071675811099704
577.59,2.1480641977873574,73.1067688187286,3.099241853142084
577.79,2.1473206528323443,72.68883890391209,3.0909287729641806
577.98,2.146614761756462,72.29448896548514,3.0830595453624237
578.18,2.1458722197239615,71.88218719986367,3.074805719999938
578.37,2.145167280460605,71.49314405011171,3.066992576097552
578.56,2.14446280420354,71.10665755483957,3.059206603999579
578.76,2.143721749948165,70.70257122714324,3.0510400896834664
578.95,2.1430182226444425,70.32127438814146,3.0433095812231947
579.15,2.1422781662781665,69.92261000014004,3.035201230220208
579.34,2.1415755860116685,69.54642547007509,3.027525768441216
579.53,2.140873466429693,69.17270386968978,3.0198769732761623
579.73,2.1401348903800046,68.78195374996012,3.0118543100463913
579.92,2.139433714995172,68.4132315012817,3.004259941850321
580.12,2.138696131834793,68.02770446177334,2.9962943510379136
580.31,2.137995898743775,67.66390698575908,2.988753993585746
580.5,2.1372961240310078,67.30248206893059,2.981239798439098
580.7,2.136560013776476,66.92457890636271,2.9733582749549963
580.89,2.135861178536384,66.56796986324548,2.9658974726204135
581.09,2.1351260562047187,66.19509806570015,2.958071933784524
581.28,2.1344281585466556,65.84323300644522,2.950664109674289
581.47,2.1337307169759403,65.49365339436513,2.9432819455413894
581.67,2.1329970601887673,65.12812555286862,2.9355388599464587
581.86,2.1323005533977244,64.78318496581478,2.92820905915425
582.06,2.1315678796000417,64.42250371043929,2.9205208757974663
582.25,2.1308723057106054,64.08213286806424,2.9132430261967994
582.44,2.1301771856328546,63.74396352278793,2.905990337196634
582.64,2.12944597006728,63.38536728791032,2.898290175546796
582.83,2.128751780107407,63.04548467008923,2.8909734063736754
583.03,2.12802154263074,62.690127047317944,2.883299568804624
583.22,2.127328280923151,62.3548139825435,2.8760359591090343
583.41,2.1266354707666992,62.02170353158956,2.868798119561708
583.61,2.125906684258323,61.67342366603216,2.861207088918941
583.8,2.1252147995889,61.34478647304907,2.8540218821969296
583.99,2.124523365126115,61.01830541851563,2.846862188262488
584.19,2.123796025265752,60.67695397015405,2.8393531376050305
584.38,2.1231055135357133,60.35485167089972,2.8322455467811123
584.58,2.122379144000821,60.01807641581378,2.8247911534185266
584.77,2.121689553157652,59.700290327034274,2.8177353080873937
584.96,2.121000410284464,59.38458458986745,2.810704542254916
585.16,2.120275480210541,59.05449422478088,2.8033307366464415
585.35,2.1195872554881694,58.74301315779189,2.796351182749541
585.54,2.118899477405472,58.4335682729672,2.7893964479923814
585.74,2.1181759825178403,58.11002086729046,2.7821023935577336
585.93,2.117489119860734,57.80471086072726,2.7751983355937835
586.13,2.1167665876170814,57.4854845918492,2.76795743548093
586.32,2.1160806385591484,57.18425006010431,2.761103693831263
586.51,2.11539513392781,56.884979729899854,2.754274334560005
586.71,2.1146740297591653,56.57206512345713,2.747111782223857
586.9,2.113989436019765,56.27678335851883,2.7403322025666306
587.09,2.1133052853906555,55.98342386935187,2.7335767437098903
587.29,2.1125856050673435,55.67668620422707,2.7264916986487275
587.48,2.1119023626336215,55.387230067910046,2.71978548238119
587.67,2.1112195619990812,55.0996551034237,2.713103125282484
587.87,2.1105013013081124,54.7989622992315,2.706094746820259
588.06,2.1098194061830426,54.51520715166234,2.69946109538247
588.25,2.109137951551211,54.23329288358017,2.6928510416269065
588.45,2.108421106296202,53.938515467803455,2.6859184895522747
588.64,2.1077405544985055,53.660339135870835,2.6793566050214133
588.83,2.1070604418932457,53.38396419214513,2.6728180570178877
589.03,2.106345007894335,53.09497526628865,2.665960492184039
589.22,2.1056657954584024,52.82225801120305,2.6594695778320934
589.41,2.1049870209192245,52.551303443307006,2.6530017393593943
589.61,2.1042729940129914,52.2679786481925,2.646218324246501
589.8,2.1035951169888096,52.0006031322687,2.639797585063155
589.99,2.1029176765707893,51.73495238174423,2.6333996617816235
590.19,2.1022050526101763,51.457169862062045,2.626689561023762
590.38,2.101528507063247,51.19502111482486,2.6203382042058387
590.57,2.1008523968369537,50.93455997919391,2.614009404136408
590.77,2.100141171691183,50.66220034741321,2.6073717850144758
590.96,2.0994659537024503,50.405165731132065,2.6010890204237866
591.15,2.0987911697538695,50.149782329260496,2.5948285543957024
591.35,2.098081339308362,49.88272862900048,2.5882625872980416
591.54,2.0974074449741353,49.63069780373956,2.5820476278890014
591.73,2.0967339834045933,49.38028254074687,2.5758547099578295
591.93,2.096025543560894,49.118420209701675,2.569359568810161
592.12,2.0953529689927715,48.871285097971565,2.5632116310286275
592.31,2.0946808259188603,48.625730629773834,2.557085478866092
592.51,2.0939737725945555,48.36894746227198,2.550660341532032
592.7,2.093302513919352,48.12660221336629,2.5445786456868764
592.89,2.0926316854728535,47.88580341092163,2.5385184809436803
593.09,2.0919260146014937,47.633989520207905,2.53216252959756
593.28,2.091256067961165,47.39633047429426,2.526146300206174
593.47,2.0905865502889784,47.16018438763078,2.5201513488492724
593.67,2.089882257820001,46.9132321679371,2.513863770322421
593.86,2.089213619371569,46.680157819974085,2.507912236431512
594.05,2.088545408635637,46.448563642063746,2.501981729057137
594.25,2.087842490534287,46.206367730541665,2.4957617151589813
594.44,2.0871751564497676,45.97777869408485,2.4898741106419147
594.63,2.0865082488270015,45.75063772462543,2.4840072827654134
594.82,2.085841767257321,45.52493445284218,2.4781611500452203
595.02,2.085140667540587,45.288893934160484,2.472029594412563
595.21,2.0844750592227954,45.066109543324046,2.4662256867363728
595.4,2.083809875713806,44.84473163967465,2.4604422266512826
595.6,2.083110141034251,44.61321066093415,2.454376375411129
595.79,2.082445828228067,44.39468825313556,2.4486346340719214
595.98,2.081781938991241,44.17754178055578,2.442913094589149
596.17,2.0811184729187984,43.96176137599087,2.437211676873631
596.37,2.0804205442929726,43.73608914552803,2.4312318349277833
596.56,2.0797579455545128,43.52308215320804,2.425571469746542
596.75,2.079095768747382,43.31141153291682,2.419930983135821
596.95,2.078399195912555,43.09003353828607,2.4140150171694597
597.14,2.07773788391332,42.88107602566589,2.408415085923679
597.33,2.077076992617146,42.67342582016153,2.4028347920369506
597.52,2.0764165216227073,42.46707353575964,2.3972740569332003
597.72,2.0757217426219636,42.25125254669917,2.391441695416687
597.91,2.0750621330969543,42.04753528921101,2.3859208620502446
598.1,2.07440294265173,41.84508770765628,2.38041934897819
598.3,2.0737095102791243,41.6333466368237,2.374649069549588
598.49,2.0730511787999797,41.43347672773894,2.3691869708403943
598.68,2.0723932651834036,41.23484885338374,2.3637439560470765
598.87,2.0717357690316764,41.03745408826798,2.358319948201914
599.07,2.0710441183834942,40.83099255155896,2.3526309157315595
599.26,2.070387477889397,40.63610120909687,2.3472456819982694
599.45,2.0697312536491785,40.44241611872114,2.341879221705215
599.65,2.0690409405486534,40.239830697395675,2.3362505141302035
599.84,2.068385569485196,40.04859449692853,2.3309223509015795
600.03,2.0677306134693265,39.85853826872607,2.3256127298138707
600.22,2.067076072106894,39.66965352751686,2.320321575582899
600.42,2.0663875287298894,39.47208381898086,2.314771807404807
600.61,2.0657338372654466,39.28557737990437,2.3095183239896913
600.8,2.0650805592543278,39.10021689706525,2.3042830791175923
600.99,2.0644276943043978,38.915994127353464,2.299065998491393
601.19,2.063740913854189,38.72329553467849,2.2935938766982487
601.38,2.0630888955402575,38.54138249379718,2.288413848849189
601.57,2.0624372890935385,38.36058236476508,2.283251759970405
601.76,2.0617860941239035,38.18088714026507,2.278107536767621
601.96,2.0611010698385273,37.99291919793477,2.2727117855506247
602.15,2.06045071825957,37.81546709045153,2.267604005427247
602.34,2.0598007769698174,37.639095796404455,2.2625138687862267
602.53,2.059151245581133,37.46379753799687,2.257441303349141
602.73,2.058467970733164,37.28042380263277,2.252120664351346
602.92,2.0578192795064023,37.10730395875233,2.2470839407454553
603.11,2.057170996998889,36.935233750610784,2.242064569267732
603.3,2.0565231228244656,36.76420562376511,2.237062478666149
603.5,2.0558415907207954,36.58529356660084,2.231815711185958
603.69,2.0551945534959994,36.41638100981235,2.2268488697044573
603.88,2.054547923428496,36.248487806950244,2.2218990931697182
604.07,2.05390170013409,36.08160662086493,2.2169663113642826
604.26,2.0532558832290735,35.915730167104996,2.2120504543269925
604.46,2.052576514574992,35.742200869163156,2.206894075726043
604.65,2.051931530637559,35.57836415988773,2.202012740903
604.84,2.051286951921169,35.4155102684175,2.19714811887116
605.03,2.050642778044064,35.25363212019614,2.1923001407111884
605.23,2.049965137220561,35.08428047621439,2.187214911245134
605.42,2.049321793135344,34.92438322007643,2.1824008819912133
605.61,2.0486788527270026,34.7654404245012,2.1776032878186204
605.8,2.048036315615715,34.60744521902257,2.172822060853477
606.,2.047360396039604,34.4421506912052,2.1678067980634084
606.19,2.0467186855606325,34.286079223186285,2.1630589553919846
606.38,2.046077377222204,34.13093467686916,2.1583272743321777
606.57,2.0454364706464214,33.976710380188194,2.1536116880573597
606.76,2.044795965455864,33.823399709173536,2.148912129999442
606.96,2.0441221826809013,33.66299984644265,2.1439824696933183
607.15,2.04348250020588,33.511543961410375,2.1393156041981007
607.34,2.0428432179668716,33.36098177549507,2.134664565310707
607.53,2.042204335588366,33.211306856203294,2.130029287510353
607.72,2.0415658526953204,33.062512817450205,2.125409705534462
607.92,2.0408941966048166,32.90683218848339,2.120563872918247
608.11,2.040256532535232,32.75982646023178,2.115976305314266
608.3,2.03961926680914,32.61368240181498,2.111404235908107
608.49,2.0389823990533946,32.468393811886884,2.1068476004822565
608.68,2.0383459288953145,32.323954533870925,2.1023063350766122
608.88,2.037676389436342,32.17282400944329,2.0975425904092444
609.07,2.03704073423416,32.03010895531972,2.093032674695981
609.26,2.0364054754948624,31.888224692962925,2.0885379353461646
609.45,2.0357706128476494,31.74716524398469,2.084058309440439
609.64,2.0351361459221837,31.60692467317371,2.0795937343155857
609.84,2.0344687131050767,31.46018120355958,2.0749103727990783
610.03,2.0338350572922645,31.32160307421199,2.0704764961430135
610.22,2.033201796073547,31.183825968874817,2.066057480561044
610.41,2.0325689290804543,31.04684412416414,2.06165326442461
610.6,2.031936455944972,30.910651818325867,2.057263786359527
610.8,2.0312711198428293,30.768138217009284,2.052659137964443
610.99,2.030639454000884,30.6335487921289,2.0482997205216003
611.18,2.030008180895972,30.49973169410034,2.0439548553669415
611.37,2.029377300161931,30.366681366823247,2.0396244821532084
611.56,2.0287468114330567,30.23439229432746,2.035308540785471
611.76,2.0280835621812474,30.09595702802095,2.0307809700188653
611.95,2.027453876950731,29.96521341807654,2.0264944647040926
612.14,2.0268245826118205,29.835214469889937,2.0222222093435267
612.33,2.0261956788006463,29.7059548271576,2.0179641448599845
612.52,2.0255671651537908,29.577429172252593,2.0137202124261893
612.71,2.024939041308286,29.449632225940555,2.009490353464226
612.91,2.0242782790295477,29.31589061112903,2.00505301025742
613.1,2.023650954167346,29.189573056429115,2.0008518564783
613.29,2.023024018001272,29.063968329337882,1.996664598891266
613.48,2.022397470170177,28.939071303360414,1.9924911799235425
613.67,2.0217713103133605,28.81487688899589,1.988331542248969
613.86,2.0211455380705696,28.691380033464718,1.9841856287874218
614.06,2.020487248803049,28.562131424995147,1.9798362735923507
614.25,2.019862271062271,28.44005072455236,1.975718353092009
614.44,2.0192376798385516,28.31865238301193,1.9716139840757916
614.63,2.0186134747734408,28.197931493668158,1.9675231104545507
614.82,2.0179896555089294,28.077883185190668,1.9634456763821044
615.01,2.017366221687452,27.958502621363095,1.9593816262545998
615.2,2.0167431729518857,27.839785000823827,1.955330904709907
615.4,2.016087747806305,27.715530044048407,1.9510813260040933
615.59,2.0154654883932484,27.59815830548118,1.9470577907012534
615.78,2.014843612978661,27.481435066333198,1.9430474164692924
615.97,2.014222121207202,27.365355663873178,1.9390501489188856
616.16,2.013601012723968,27.249915468939268,1.9350659338990728
616.35,2.012980287174495,27.135109885689232,1.931094717496566
616.55,2.0123273051658424,27.01494247957892,1.9269284735298462
616.74,2.0117073645296233,26.901425261399407,1.9229837705935087
616.93,2.011087805747816,26.788528829022965,1.9190519031600137
617.12,2.010468628467721,26.676248719121908,1.9151328182721394
617.31,2.0098498323370757,26.56328226447953,1.9112419351907748
617.5,2.0092314170040484,26.446875957160447,1.9074117265961719
617.69,2.008613382117243,26.331077927511576,1.9035937017701092
617.88,2.007995727325694,26.21588466711881,1.8997878028056325
618.08,2.0073459746311153,26.09527812724657,1.8957946300809465
618.27,2.0067290989373574,25.98131535211099,1.8920134411646221
618.46,2.0061126022701545,25.86794679436351,1.88824420358788
618.65,2.005496484280288,25.755169048373325,1.884486860906177
618.84,2.0048807446189643,25.642978733320554,1.8807413570288212
619.03,2.004265382937822,25.53137249298176,1.877007636216282
619.22,2.0036503988889245,25.420346995519154,1.8732856430775027
619.42,2.003003454844855,25.304101810453954,1.8693803648435514
619.61,2.0023892448475653,25.19425802771427,1.8656822722206288
619.8,2.00177541142304,25.084984965638856,1.8619957403107668
619.99,2.001161954225068,24.976279389087118,1.8583207151080527
620.18,2.0005488729078658,24.86813808626494,1.854657142941815
620.37,1.99993616712607,24.76055786852434,1.8510049704740568
620.56,1.999323836534743,24.65353557016663,1.8473641446969444
620.75,1.9987118807893678,24.54706804824579,1.843734612930298
620.94,1.9981002995458494,24.441152182375635,1.8401163228191149
621.14,1.9974569340245356,24.330254363873433,1.8363196839173315
621.33,1.9968461204191008,24.22546116302777,1.8327243061199034
621.52,1.996235680267731,24.12121023039578,1.8291400121432866
621.71,1.9956256132280323,24.01749853506958,1.825566750925317
621.9,1.9950159189580319,23.914323067749905,1.8220044717168096
622.09,1.9944065971161726,23.811680840562634,1.818453124079179
622.28,1.9937976473613164,23.709568886878635,1.8149126578821255
622.47,1.9931890693527397,23.6079842611335,1.8113830233013086
622.66,1.9925808627501365,23.50692403865139,1.807864170816083
622.85,1.9919730272136147,23.40638531546742,1.8043560512071783
623.05,1.991333600834604,23.301115303716337,1.800674835025414
623.24,1.9907265258969258,23.201638015173373,1.7971885931188485
623.43,1.990119820990328,23.102673487505225,1.7937129356813784
623.62,1.9895134857765948,23.004218898919547,1.7902478146923742
623.81,1.988907519917924,22.90627144747263,1.7867931824214462
624.,1.988301923076923,22.80882835090375,1.7833489914262564
624.19,1.9876966949166115,22.711886846470982,1.779915194550431
624.38,1.9870918351004196,22.615444190788093,1.7764917449213915
624.57,1.986487343292185,22.519497659663315,1.7730785959482864
624.76,1.9858832191561557,22.424044547939868,1.7696757013198965
624.95,1.9852794623569885,22.329082169337727,1.7662830150025879
625.15,1.9846443253619133,22.229648993563494,1.76272274431957
625.34,1.9840413215210924,22.135685572299245,1.7593508688460697
625.53,1.9834386839959715,22.042204799072188,1.7559890628556638
625.72,1.9828364124528544,21.94920406251344,1.7526372814188582
625.91,1.982234506558451,21.856680769354266,1.7492954798735834
626.1,1.9816329659798753,21.764632344276627,1.745963613823235
626.29,1.9810317903846462,21.673056229764903,1.7426416391347201
626.48,1.9804309794406845,21.581949885959347,1.7393295119365435
626.67,1.979830532816315,21.491310790511385,1.736027188616901
626.86,1.9792304501802636,21.40113643843919,1.7327346258217688
627.05,1.9786307312016589,21.311424341985372,1.7294517804530554
627.24,1.9780313755500287,21.222172030475534,1.7261786096667158
627.43,1.977432382895303,21.133377050179064,1.722915070870928
627.62,1.9768337529078102,21.045036964169825,1.7196611217242475
627.82,1.9762040075180782,20.95253617667541,1.7162462258363878
628.01,1.9756061209216416,20.865122256633548,1.7130118291021053
628.2,1.9750085959885384,20.778155894365835,1.7097868942940795
628.39,1.9744114323907127,20.691634719657714,1.7065713800671825
628.58,1.9738146298005024,20.605556378418413,1.7033652453176662
628.77,1.9732181878906436,20.51991853255073,1.7001684491814248
628.96,1.9726221063342657,20.434718859820187,1.696980951032266
629.15,1.9720263848048956,20.349955053727616,1.69380271048022
629.34,1.9714310229764513,20.265624823380833,1.690633687369825
629.53,1.9708360205232478,20.181725893369265,1.687473841778469
629.72,1.9702413771199898,20.098256003637925,1.684323134014695
629.91,1.9696470924417775,20.015212909364536,1.6811815246165913
630.1,1.9690531661641009,19.932594380835905,1.678048974350112
630.29,1.9684595979628425,19.850398203326915,1.674925444207487
630.48,1.9678663875142748,19.76862217697949,1.6718108954055815
630.67,1.9672735344950607,19.68726411668349,1.6687052893843233
630.86,1.9666810385822528,19.606321851958178,1.6656085878051121
631.05,1.9660888994532921,19.525793226835194,1.6625207525492351
631.24,1.9654971167860085,19.44567609974202,1.6594417457163386
631.43,1.9649056902586195,19.365968343387316,1.6563715296228612
631.62,1.9643146195497292,19.286667844645944,1.6533100668004823
631.81,1.9637239043383299,19.20777250444717,1.6502573199946726
632.,1.9631335443037974,19.129280237661415,1.6472132521631069
632.2,1.962512496045555,19.047089975461322,1.6440183059269338
632.39,1.961922864055409,18.96941859566907,1.640991937670035
632.58,1.9613335862657686,18.892144009244397,1.637974136608186
632.77,1.9607446623575708,18.815264186432408,1.63496486654405
632.96,1.9601560920121335,18.738777110868647,1.6319640914850797
633.15,1.9595678749111587,18.662680779473646,1.6289717756421405
633.34,1.958980010736729,18.586973202347785,1.6259878834280421
633.53,1.95839249917131,18.511652402666964,1.6230123794561642
633.72,1.9578053398977466,18.43671641657922,1.6200452285390228
633.91,1.957218532599265,18.362163293102906,1.61708639568692
634.1,1.9566320769594698,18.28799109402474,1.614135846106538
634.29,1.956045972662347,18.214197893799916,1.6111935451996053
634.48,1.9554602193922583,18.140781779451935,1.608259458561514
634.67,1.9548748168339454,18.067740850474276,1.6053335519799976
634.86,1.9542897646725261,17.995073218732344,1.6024157914337873
635.05,1.9537050625934966,17.922777008366943,1.599506143091319
635.24,1.9531207102827277,17.850850355697656,1.5966045733093766
635.43,1.9525367074264672,17.77929140912784,1.5937110486318447
635.62,1.9519530537113368,17.708098329050273,1.5908255357883745
635.81,1.9513697488243342,17.637269287753703,1.5879480016931498
636.,1.9507867924528302,17.566802469329687,1.585078413443583
636.19,1.950204184284569,17.49669606958116,1.5822167383190722
636.38,1.9496219240076684,17.426948295931215,1.57936294377977
636.57,1.9490400113106177,17.3575573673324,1.576516997465309
636.76,1.9484584458822791,17.28852151417787,1.5736788671936106
636.95,1.9478772274118845,17.219838978212152,1.5708485209596554
637.14,1.9472963555890386,17.151508012443497,1.568025926934263
637.33,1.946715830103714,17.08352688105652,1.5652110534629153
637.52,1.9461356506462542,17.01589385932596,1.5624038690645499
637.71,1.9455558169073714,16.948607233530787,1.559604342430397
637.9,1.944976328578147,16.881665300869795,1.5568124424228076
638.09,1.944397185350029,16.815066369376776,1.5540281380740661
638.28,1.9438183869148338,16.748808757837704,1.551251398585294
638.47,1.9432399329647438,16.682890795707483,1.5484821933252513
638.66,1.9426618231923092,16.61731082302858,1.5457204918292455
638.85,1.9420840572904436,16.55206719034924,1.5429662637979815
639.04,1.941506634952429,16.487158258643134,1.5402194790964667
639.23,1.9409295558719082,16.4225823992295,1.5374801077528908
639.41,1.9403831657309083,16.361711040872194,1.5348917251919882
639.6,1.9398067542213884,16.297779160621264,1.5321667049853758
639.79,1.9392306850685381,16.23417561176631,1.5294490107375556
639.98,1.9386549579674364,16.170898805697572,1.5267386131102547
640.17,1.9380795726135247,16.107947163766056,1.5240354829230465
640.36,1.9375045287026047,16.04531911720718,1.521339591152291
640.55,1.936929825930841,15.983013107066153,1.5186509089301052
640.74,1.9363554639947562,15.921027584122703,1.5159694075432948
640.93,1.935781442591235,15.859361008817798,1.513295058432358
641.12,1.9352077614175194,15.79801185117996,1.5106278331904315
641.31,1.9346344201712122,15.736978590752777,1.507967703562305
641.5,1.934061418550273,15.67625971652305,1.5053146414433964
641.69,1.9334887562530194,15.615853726849044,1.5026686188787606
641.88,1.9329164329781268,15.555759129389974,1.5000296080621016
642.07,1.9323444484246266,15.495974441035472,1.4973975813347813
642.26,1.9317728022919067,15.436498187836422,1.4947725111848513
642.45,1.9312014942797104,15.377328904935554,1.4921543702460893
642.64,1.9306305240881363,15.318465136499345,1.4895431312970226
642.83,1.9300598914176375,15.259905435649895,1.4869387672600014
643.02,1.9294895959690213,15.201648364397897,1.4843412512002316
643.21,1.9289196374434476,15.143692493575694,1.4817505563248403
643.4,1.928350015542431,15.086036402771516,1.4791666559819678
643.59,1.9277807299678364,15.0286786802634,1.4765895236598
643.77,1.927241716762198,14.974613739747465,1.4741542490562094
643.96,1.9266730852848004,14.917833031380301,1.471590221004783
644.15,1.9261047892571606,14.861346580375505,1.469032883640104
644.34,1.925536828382531,14.805153008684474,1.4664822109944116
644.53,1.9249692023645137,14.74925094663258,1.4639381772355586
644.72,1.9244019109070605,14.693639032856158,1.4614007566661218
644.91,1.9238349537144719,14.638315914241401,1.458869923722532
645.1,1.9232683304913964,14.583280245862408,1.4563456529741992
645.29,1.922702040942832,14.52853069092101,1.4538279191226682
645.48,1.9221360847741216,14.474065920685748,1.451316697000739
645.67,1.921570461690957,14.41988461443273,1.4488119615716377
645.86,1.9210051713993743,14.365985459385936,1.4463136879281584
646.05,1.9204402136057581,14.312367150658607,1.4438218512918515
646.24,1.919875588016836,14.2590283911948,1.4413364270121718
646.42,1.9193409857368275,14.208753633122221,1.438987707310006
646.61,1.9187770062325047,14.155955566067744,1.4365146999880085
646.8,1.918213358070501,14.103433270376305,1.4340480331046244
646.99,1.9176500409589021,14.05118547934322,1.4315876825062517
647.18,1.9170870546061376,13.999210933813506,1.429133624163196
647.37,1.9165243987209788,13.94750838212582,1.4266858341688655
647.56,1.9159620730125397,13.896076580057876,1.4242442887389961
647.75,1.915400077190274,13.84491429077164,1.421808964210865
647.94,1.914838410963978,13.79402028475926,1.4193798370425168
648.13,1.9142770740437873,13.743393339789433,1.4169568838120048
648.32,1.9137160661401775,13.693032240853972,1.4145400812166031
648.5,1.9131848882035465,13.645565857776997,1.4122561313231237
648.69,1.9126245201868377,13.595718999205207,1.4098512398527487
648.88,1.912064480335347,13.546134447105509,1.407452431022186
649.07,1.9115047683608852,13.496811014470985,1.4050596819920442
649.26,1.910945383975603,13.447747521260904,1.4026729700384875
649.45,1.9103863268919854,13.398942794350045,1.4002922725524902
649.64,1.9098275968228557,13.350395667478228,1.397917567039125
649.83,1.909269193481372,13.30210498120059,1.395548831116836
650.02,1.9087111165810282,13.25406958283814,1.393186042516726
650.21,1.908153365835653,13.206288326428378,1.390829179081847
650.39,1.9076252709912516,13.161255270529479,1.3886018067062156
650.58,1.9070681545697683,13.113965658579007,1.3862564185843331
650.77,1.9065113634617452,13.066926849615294,1.3839168909675383
650.96,1.9059548973823277,13.020137723717712,1.381583202133992
651.15,1.9053987560469938,12.973597167445545,1.379255330470385
651.34,1.904842939171554,12.927304073790788,1.3769332544712458
651.53,1.9042874464721502,12.881257342132297,1.3746169527382963
651.72,1.903732277665255,12.835455878189254,1.372306403979752
651.9,1.903206626783249,12.792290275725662,1.370122750609831
652.09,1.9026520879019768,12.746963321742552,1.3678233443078038
652.28,1.902097872079475,12.701878446674614,1.365529628838726
652.47,1.9015439790335187,12.657034580827618,1.3632415833248328
652.66,1.9009904084822116,12.612430660625694,1.3609591869916389
652.85,1.9004371601439838,12.568065628567261,1.358682419167292
653.04,1.8998842337375965,12.52393843318204,1.356411259281963
653.23,1.899331628982135,12.480048028987465,1.354145686867188
653.41,1.8988084051361322,12.438685129025052,1.352004490739639
653.6,1.8982564259485923,12.395252866595966,1.3497497408279582
653.79,1.8977047675859222,12.352054348358381,1.3475005186425082
653.98,1.8971534297684944,12.309088552051124,1.345256804108937
654.17,1.8966024122170078,12.266354461192458,1.3430185772512417
654.36,1.8960517146524847,12.22385106503884,1.3407858181911456
654.55,1.8955013367962725,12.181577358544136,1.3385585071475012
654.73,1.8949802208543978,12.14173955259649,1.3364534306160938
654.92,1.8944304647895926,12.099910273527202,1.3342366724635886
655.11,1.8938810276136833,12.058307754631091,1.3320253045845571
655.3,1.8933319090492906,12.01693101295925,1.3298193075755076
655.49,1.8927831088193565,11.975779071062805,1.327618662127189
655.68,1.892234626647145,11.934850956954275,1.325423349024005
655.87,1.8916864622562397,11.894145704068572,1.3232333491434611
656.05,1.8911674415059827,11.85578753736315,1.3211634962841594
656.24,1.8906198951603073,11.81551352382791,1.318983788676632
656.43,1.8900726657830995,11.775459553869807,1.3168093384668509
656.62,1.889525753099205,11.735624681957205,1.3146401268943166
656.81,1.8889791568337875,11.696007967794355,1.3124761352888796
657.,1.8884328767123286,11.656608476284353,1.3103173450701864
657.18,1.8879156395508083,11.61948217376218,1.3082769565856986
657.37,1.887369974291495,11.5805030307012,1.3061282423978275
657.56,1.8868246243688793,11.541738384112001,1.3039846753507387
657.75,1.8862795895096922,11.503187319065562,1.3018462372132895
657.94,1.8857348694409823,11.46484892565376,1.2997129098415003
658.13,1.885190463890113,11.426722298953877,1.2975846751780253
658.31,1.8846750011392808,11.390796862747772,1.2955731342837393
658.5,1.884131207289294,11.353080045566019,1.2934547655032675
658.69,1.8835877271554144,11.315572356624266,1.2913414367084857
658.88,1.8830445604662458,11.278272910341508,1.2892331301790179
659.07,1.882501706950703,11.241180825952288,1.2871298282785855
659.26,1.8819591663380153,11.204295227473093,1.2850315134545236
659.44,1.8814454688826883,11.16954065704747,1.2830482206870533
659.63,1.8809035368312539,11.133054666706903,1.280959567478674
659.82,1.8803619168864234,11.096772607928395,1.278875850094112
660.01,1.8798206087786549,11.061853450851,1.2767936895088874
660.2,1.8792796122387152,11.029468033048534,1.2747096952397883
660.38,1.878767376359066,10.998961920944875,1.2727399538473738
660.57,1.8782269857850038,10.966944402017216,1.2706655895422454
660.76,1.8776869059870454,10.935114048030597,1.268596146333431
660.95,1.8771471366971784,10.903469676882546,1.2665316080100804
661.14,1.8766076776476992,10.872010113660933,1.26447195842834
661.32,1.876096897114861,10.842375732337201,1.2625252064448063
661.51,1.8755580414506205,10.811272713394672,1.2604750309659196
661.7,1.8750194952395345,10.780351080852427,1.2584296970335485
661.89,1.8744812582151114,10.749609687720529,1.256389188765323
662.08,1.8739433301111648,10.71904739396749,1.2543534903443614
662.26,1.873433998731616,10.690257823029388,1.2524293564540654
662.45,1.8728966714469015,10.660041056144559,1.2504029794323155
662.64,1.8723596522998913,10.630000068587666,1.2483813660177911
662.83,1.8718229410256022,10.600133747351192,1.2463645006492243
663.02,1.8712865373593557,10.570440986162852,1.2443523678293864
663.2,1.8707786489746683,10.542470103626023,1.2424504882307068
663.39,1.8702428435761769,10.51311217823327,1.24044752719315
663.58,1.869707345007384,10.483924591052808,1.238449253397903
663.77,1.869172153004806,10.454906261969171,1.2364556515976095
663.96,1.8686372673052596,10.426056117386407,1.2344667066075086
664.14,1.868130815791851,10.398878574026686,1.2325867248442854
664.33,1.8675965258230094,10.370352890035146,1.2306068050369454
664.52,1.8670625413832542,10.34199226377691,1.2286314976460297
664.71,1.866528862210588,10.313795646975796,1.2266607877310287
664.89,1.866023552768127,10.28723340677955,1.224798026790314
665.08,1.8654904673122028,10.259353192260912,1.2228362272091597
665.27,1.8649576863529094,10.231633934100394,1.2208789814235932
665.46,1.8644252096294291,10.20407460869498,1.2189262747329783
665.64,1.8639210383991347,10.17811237995449,1.2170805158421134
665.83,1.863389153387501,10.150861588190564,1.2151366064803149
666.02,1.8628575718446894,10.123767747870955,1.2131971932337262
666.21,1.8623262935110552,10.096829859436749,1.2112622616372666
666.4,1.861795318127251,10.07004692932238,1.2093317972848452
666.58,1.8612925680338444,10.044815671403075,1.2075070440705247
666.77,1.8607621818618116,10.018331673336691,1.2055852379668954
666.96,1.8602320978769342,9.991999739678445,1.2036678569878418
667.15,1.8597023158210297,9.965818900143146,1.201754886957518
667.33,1.8592006953081683,9.941154500306775,1.1999466555902993
667.52,1.8586715004793866,9.915265134044036,1.1980422348378108
667.71,1.8581426068203262,9.889524035732544,1.1961421835870547
667.9,1.857614014073963,9.863930257776737,1.1942464878882726
668.08,1.8571135193390014,9.839818560908022,1.1924545707811554
668.27,1.856585511844015,9.81450897187041,1.1905673171272242
668.46,1.8560578045058789,9.789343943040448,1.1886843782386007
668.65,1.8555303970687207,9.764322548937967,1.186805740387543
668.83,1.855031024326062,9.740749730608744,1.1850299332608314
669.02,1.8545042001733882,9.716005411076752,1.1831596319282562
669.21,1.8539776751692292,9.69140203047887,1.1812935914950007
669.4,1.853451449058859,9.666938684891903,1.179431798451327
669.58,1.8529531945398605,9.64389124300135,1.1776719002729383
669.77,1.8524275497558862,9.619698023350992,1.175818339897206
669.96,1.851902203116604,9.595642205649742,1.1739689874095336
670.14,1.8514047810905185,9.572978428148039,1.1722208387278807
670.33,1.8508800143213042,9.549187653633373,1.1703796424411197
670.52,1.850355544950188,9.525531693813788,1.1685426150088152
670.71,1.849831372724426,9.50200968112508,1.1667097432926032
670.89,1.849335062379824,9.479848445347859,1.1649771600385204
671.08,1.8488114680813017,9.456584806713249,1.163152343527566
671.27,1.8482881701848735,9.433452587958147,1.161331644315886
671.46,1.847765168438924,9.410450941619409,1.1595150494724906
671.64,1.847269966053243,9.388779589627068,1.1577978392356205
671.83,1.8467475403003732,9.36602980273001,1.1559892001958763
672.02,1.8462254099580369,9.343408119496937,1.154184627713248
672.2,1.8457310324308243,9.322094468501408,1.152478772340344
672.39,1.8452094766430198,9.299719878913859,1.150682082463771
672.58,1.8446882155282642,9.277470966961125,1.1488894217782248
672.77,1.8441672488368983,9.255346919090993,1.1471007777059765
672.95,1.8436739728063005,9.234501741130169,1.145409966517232
673.14,1.8431535787503341,9.212618532973973,1.1436291083650219
673.33,1.8426334783835563,9.19085781884184,1.1418522300467175
673.51,1.8421410224050123,9.170354678208477,1.1401725315681746
673.7,1.8416214932462518,9.14883022838493,1.1384033679679475
673.89,1.8411022570449183,9.127425943407358,1.1366381478533765
674.08,1.8405833135532872,9.106141042171727,1.1348768589889426
674.26,1.8400919526592117,9.086085819182175,1.1332118848267565
674.45,1.8395735784713472,9.065031177760483,1.1314582166249711
674.64,1.8390554962646746,9.044093644464118,1.1297084438934097
674.82,1.8385649506535076,9.024365419881773,1.128054346876103
675.01,1.8380474363342767,9.003653753189642,1.1263121255384188
675.2,1.8375302132701419,8.98305695813084,1.124573764308706
675.38,1.837040480914448,8.963649487051134,1.1229304456956828
675.57,1.8365238243261244,8.94327424086766,1.1211995673989195
675.76,1.836007458269208,8.92301166822492,1.1194725142599122
675.94,1.8355185371482676,8.903918812965427,1.1178398764610722
676.13,1.835002736160206,8.883873545551783,1.1161202385910294
676.32,1.8344872249822568,8.863938791275292,1.114404391334998
676.51,1.8339720033702382,8.844113825581006,1.1126923230641532
676.69,1.8334841655706453,8.825432899411593,1.111073839030395
676.88,1.8329695071504548,8.805819669157888,1.1093690966368204
677.07,1.8324551375780938,8.786314116471216,1.107668099220508
677.25,1.8319681063122923,8.767933855982305,1.1060600721161657
677.44,1.8314542985356632,8.748635963090784,1.1043663347357449
677.63,1.8309407788911356,8.729443672833868,1.102676308718443
677.81,1.8304545521606352,8.711358284240958,1.1010786446840943
678.,1.829941592920354,8.692369647751267,1.0993958136229596
678.19,1.829428921098807,8.673484574383005,1.0977166606992768
678.37,1.828943496911715,8.655688362802263,1.096129266960243
678.56,1.828431384107522,8.637003005511902,1.094457244664418
678.75,1.8279195580110497,8.618419206599103,1.0927888676636373
678.93,1.8274349343820426,8.600906574232143,1.0912116525153763
679.12,1.8269236659206032,8.582518620793385,1.089550342555446
679.31,1.826412683458215,8.564230255120556,1.0878926454262532
679.49,1.8259288584085123,8.546995699476101,1.0863255182199887
679.68,1.82541843220339,8.528899374531203,1.0846748252759801
679.87,1.8249082912909822,8.51090070024891,1.0830277130714185
680.05,1.82442526284832,8.493938812399891,1.0814705841999461
680.24,1.8239156768199456,8.476128438754056,1.0798304140464192
680.42,1.8234331736280533,8.459343783684801,1.0782798425570566
680.61,1.822924141578878,8.44171927444046,1.0766465737927686
680.8,1.822415393654524,8.424189271271416,1.0750168332841277
680.98,1.8219336838086289,8.407668503443043,1.0734761135811677
681.17,1.821425488497732,8.390320729364195,1.0718532135045138
681.36,1.820917576611483,8.373065610467906,1.0702338105605216
681.54,1.8204366581565279,8.356803561677864,1.0687028557404976
681.73,1.8199292975224792,8.339727098130755,1.0670902329672896
681.92,1.8194222196152041,8.322741470202303,1.0654810765587814
682.1,1.8189420906025509,8.30673305972695,1.0639598007095583
682.29,1.8184355625906872,8.289922573860014,1.0623573648973539
682.48,1.8179293166100103,8.273201134808879,1.0607583650321522
682.66,1.8174499750974131,8.257441367817984,1.0592466832196417
682.85,1.8169442776598081,8.240891616899575,1.0576543450537939
683.03,1.816465455397274,8.225293433004452,1.0561489560311752
683.22,1.8159603056116622,8.20891312020192,1.0545632410179195
683.41,1.8154554367071012,8.192618949991328,1.052980912197836
683.59,1.8149773987331588,8.177261300188295,1.0514849782863227
683.78,1.8144730761355994,8.161133210383555,1.0499092148270994
683.97,1.8139690337295495,8.1450895535344,1.0483368080526774
684.15,1.8134917781188338,8.129967664048328,1.0468502468572505
684.34,1.8129882806791944,8.114086786446967,1.045284348305653
684.52,1.812511540933793,8.099118087299114,1.0438039350468966
684.71,1.8120085875772225,8.083397838353854,1.0422445073206001
684.9,1.8115059132720108,8.067759246474536,1.0406883880086364
685.08,1.8110299527062532,8.053018556596607,1.0392172126823072
685.27,1.8105278211507871,8.03753738389576,1.0376675081240003
685.45,1.810052374352615,8.022944834745818,1.036202392515386
685.64,1.809550784668339,8.007618990302362,1.0346590660099766
685.83,1.809049472901448,7.99237210405585,1.0331190005477815
686.01,1.8085748021165873,7.978000028191907,1.031662990599158
686.2,1.8080740308947827,7.962905349693497,1.0301292481611124
686.39,1.8075735369105026,7.947888040463949,1.0285987386672542
686.57,1.8070996402406163,7.933732001162453,1.0271517559188421
686.76,1.8065996854796436,7.918863831473116,1.0256275150372658
686.94,1.8061262992401084,7.904848132718581,1.0241864540717072
687.13,1.8056268828314874,7.89012710360018,1.0226684461861537
687.31,1.8051540061980766,7.876249862160584,1.0212332733867695
687.5,1.8046551272727271,7.861673996803984,1.0197214631443614
687.69,1.8041565240151811,7.8471719139433755,1.0182128218222521
687.87,1.8036844171136988,7.833500693811714,1.0167864974518028
688.06,1.8031863500276137,7.819140824355844,1.0152840007616042
688.24,1.8027147506683714,7.805603419616005,1.0138634811533969
688.43,1.802217218889357,7.791383841310031,1.0123670943940521
688.62,1.8017199616624553,7.7772355643391,1.010873831764995
688.8,1.8012491289198604,7.763897252825084,1.009462035520424
688.99,1.8007524056952933,7.7498863979991395,1.0079748307866694
689.17,1.8002820784421842,7.736677387949265,1.0065687574354873
689.36,1.7997858883602182,7.7228020859725035,1.0050875765335328
689.55,1.7992899717206874,7.70899567252706,1.003609475794769
689.73,1.7988204079857335,7.695979018493597,1.0022120030397115
689.92,1.7983250231910948,7.682305367869243,1.0007398750515237
690.1,1.7978559629039268,7.669413625630295,0.999348044822479
690.29,1.7973611090990744,7.655870919946321,0.9978818561449753
690.47,1.7968925514504612,7.643102376818527,0.99649563687802
690.66,1.7963982277821213,7.629688818231546,0.9950353543156023
690.84,1.7959301719645648,7.617041780403498,0.9936547146772459
691.03,1.7954363775812918,7.603755590874278,0.9922003052764905
691.22,1.79494285466277,7.590534122504677,0.9907488990959921
691.4,1.7944755568411919,7.578067804249618,0.9893766452091837
691.59,1.7939825619225263,7.564971051008587,0.9879310627708163
691.77,1.7935157639099701,7.552622062514605,0.9865643107596197
691.96,1.7930232961442856,7.539648295130111,0.9851245197093534
692.14,1.7925569971393072,7.527415007169647,0.9837632390340657
692.33,1.792065055681539,7.514562515377405,0.9823292072527032
692.52,1.7915733841621904,7.501771641749457,0.98089812052795
692.7,1.7911078388912949,7.489710408949377,0.9795450631962513
692.89,1.790616692404278,7.477038258071474,0.9781196875696904
693.07,1.79015164413407,7.465088709311189,0.9767720257857134
693.26,1.7896610218388482,7.45253361773021,0.9753523297194073
693.44,1.789196469773881,7.440694185775496,0.9740100337132244
693.63,1.7887063708317115,7.4282545082855345,0.9725959858969764
693.81,1.7882423141782333,7.416523643089035,0.971259026113465
694.,1.7877527377521611,7.404197752521135,0.969850595462833
694.18,1.7872891757181137,7.392573921024484,0.9685189425598187
694.37,1.7868001209729683,7.38036020803905,0.9671160982141613
694.55,1.7863370527679796,7.368841893977542,0.9657897230605668
694.74,1.7858485188703688,7.356738766859592,0.9643924343811033
694.93,1.7853602521117236,7.34469181421129,0.9629979867766147
695.11,1.7848979298240566,7.3333303550260664,0.9616795446230165
695.3,1.7844101826549692,7.321391612237178,0.9602906067302447
695.48,1.7839483522171737,7.310131932215076,0.9589773700247589
695.67,1.7834611238087024,7.2982998509828425,0.9575939117541371
695.85,1.7829997844363008,7.287140491351138,0.9562858520930153
696.04,1.7825130739612667,7.2754135402981,0.9549078435701647
696.22,1.7820522248714485,7.264353058226836,0.953604932752638
696.41,1.78156603150443,7.252729722707611,0.9522323443165234
696.59,1.781105671916048,7.241766691127519,0.9509345543430652
696.78,1.7806199948333765,7.230245473037902,0.9495673565441439
696.96,1.780160123966942,7.2193784804608825,0.9482746596147242
697.15,1.7796749623466974,7.207957898049472,0.9469128232131304
697.33,1.7792155794243758,7.1971855483910865,0.9456251917255045
697.52,1.7787309324463816,7.185864136073378,0.9442686876892457
697.7,1.7782720366919877,7.175185048477855,0.9429860942372479
697.89,1.7777879035378068,7.163961356652521,0.9416348937404099
698.07,1.7773294941768014,7.153374165320023,0.9403573111122762
698.26,1.776845874029731,7.142246760187591,0.9390113855332621
698.44,1.776387950289216,7.131750114203363,0.9377387867099478
698.63,1.7759048423342827,7.1207175775873255,0.9363981076297185
698.81,1.7754474034429961,7.110310140753339,0.9351304657832609
699.,1.7749648068669528,7.09937106992338,0.9337950049835996
699.18,1.7745078520552648,7.089051520591876,0.932532293475462
699.37,1.7740257660465848,7.078204528089418,0.9312020229372578
699.55,1.7735692945464945,7.067971558998775,0.9299442153167267
699.74,1.7730877182953668,7.0572152724646395,0.9286191072182577
699.92,1.7726317293404963,7.047067590577049,0.9273661772208175
